INSERT INTO t_datasource_type (FID, FNAME, FDESC, FCREATER, FCREATE_DATE, FMODIFIER, FMODIFY_DATE, FSTATE) VALUES ('1', 'ORACLE', 'oracle数据库', '1', '2018-5-1 11:35:06', '1', '2018-5-1 11:35:06', 0);
INSERT INTO t_datasource_type (FID, FNAME, FDESC, FCREATER, FCREATE_DATE, FMODIFIER, FMODIFY_DATE, FSTATE) VALUES ('2', 'MYSQL', 'mysql数据库', '1', '2018-5-1 11:35:06', '1', '2018-5-1 11:35:06', 0);
INSERT INTO t_datasource_type (FID, FNAME, FDESC, FCREATER, FCREATE_DATE, FMODIFIER, FMODIFY_DATE, FSTATE) VALUES ('3', 'SQLSERVER', 'sqlserver数据库', '1', '2018-5-1 11:35:06', '1', '2018-5-1 11:35:06', 0);
INSERT INTO t_datasource_type (FID, FNAME, FDESC, FCREATER, FCREATE_DATE, FMODIFIER, FMODIFY_DATE, FSTATE) VALUES ('4', 'HBASE', 'hbase数据库', '1', '2018-5-1 11:35:06', '1', '2018-5-1 11:35:06', 0);
INSERT INTO t_datasource_type (FID, FNAME, FDESC, FCREATER, FCREATE_DATE, FMODIFIER, FMODIFY_DATE, FSTATE) VALUES ('5', 'ES', 'elasticsearch索引库', '1', '2018-5-1 11:35:06', '1', '2018-5-1 11:35:06', 0);
INSERT INTO t_datasource_type (FID, FNAME, FDESC, FCREATER, FCREATE_DATE, FMODIFIER, FMODIFY_DATE, FSTATE) VALUES ('6', 'SOLR', 'solr索引库', '1', '2018-5-1 11:35:06', '1', '2018-5-1 11:35:06', 1);
INSERT INTO t_datasource_type (FID, FNAME, FDESC, FCREATER, FCREATE_DATE, FMODIFIER, FMODIFY_DATE, FSTATE) VALUES ('7', 'WS', 'webservice接口', '1', '2018-5-1 11:35:06', '1', '2018-5-1 11:35:06', 1);

INSERT INTO t_dataresource_field_bus_type (FID, FNAME, FDESC, FIS_SYSTEM, FCREATER, FCREATE_DATE, FMODIFIER, FMODIFY_DATE, FSTATE) VALUES ('1', 'idcard', '身份证号', 1, '1', '2018-5-1 11:35:06', '1', '2018-5-1 11:35:06', 0);
INSERT INTO t_dataresource_field_bus_type (FID, FNAME, FDESC, FIS_SYSTEM, FCREATER, FCREATE_DATE, FMODIFIER, FMODIFY_DATE, FSTATE) VALUES ('2', 'name', '姓名', 1, '1', '2018-5-1 11:35:06', '1', '2018-5-1 11:35:06', 0);
INSERT INTO t_dataresource_field_bus_type (FID, FNAME, FDESC, FIS_SYSTEM, FCREATER, FCREATE_DATE, FMODIFIER, FMODIFY_DATE, FSTATE) VALUES ('3', 'sex', '性别', 1, '1', '2018-5-1 11:35:06', '1', '2018-5-1 11:35:06', 0);
INSERT INTO t_dataresource_field_bus_type (FID, FNAME, FDESC, FIS_SYSTEM, FCREATER, FCREATE_DATE, FMODIFIER, FMODIFY_DATE, FSTATE) VALUES ('4', 'age', '年龄', 1, '1', '2018-5-1 11:35:06', '1', '2018-5-1 11:35:06', 0);
INSERT INTO t_dataresource_field_bus_type (FID, FNAME, FDESC, FIS_SYSTEM, FCREATER, FCREATE_DATE, FMODIFIER, FMODIFY_DATE, FSTATE) VALUES ('5', 'birthday', '出生日期', 1, '1', '2018-5-1 11:35:06', '1', '2018-5-1 11:35:06', 0);
INSERT INTO t_dataresource_field_bus_type (FID, FNAME, FDESC, FIS_SYSTEM, FCREATER, FCREATE_DATE, FMODIFIER, FMODIFY_DATE, FSTATE) VALUES ('6', 'height', '身高', 1, '1', '2018-5-1 11:35:06', '1', '2018-5-1 11:35:06', 0);
INSERT INTO t_dataresource_field_bus_type (FID, FNAME, FDESC, FIS_SYSTEM, FCREATER, FCREATE_DATE, FMODIFIER, FMODIFY_DATE, FSTATE) VALUES ('7', 'weight', '体重', 1, '1', '2018-5-1 11:35:06', '1', '2018-5-1 11:35:06', 0);
INSERT INTO t_dataresource_field_bus_type (FID, FNAME, FDESC, FIS_SYSTEM, FCREATER, FCREATE_DATE, FMODIFIER, FMODIFY_DATE, FSTATE) VALUES ('8', 'phone', '联系号码', 1, '1', '2018-8-15 17:16:16', '1', '2018-8-15 17:16:16', 0);
INSERT INTO t_dataresource_field_bus_type (FID, FNAME, FDESC, FIS_SYSTEM, FCREATER, FCREATE_DATE, FMODIFIER, FMODIFY_DATE, FSTATE) VALUES ('9', 'date', '日期', 1, '1', '2018-8-15 19:10:06', '1', '2018-8-15 19:10:06', 0);
INSERT INTO t_dataresource_field_bus_type (FID, FNAME, FDESC, FIS_SYSTEM, FCREATER, FCREATE_DATE, FMODIFIER, FMODIFY_DATE, FSTATE) VALUES ('10', 'nation', '民族', 1, '1', '2018-8-15 19:13:25', '1', '2018-8-15 19:13:25', 0);
INSERT INTO t_dataresource_field_bus_type (FID, FNAME, FDESC, FIS_SYSTEM, FCREATER, FCREATE_DATE, FMODIFIER, FMODIFY_DATE, FSTATE) VALUES ('11', 'email', '邮箱', 1, '1', '2018-8-15 20:25:25', '1', '2018-8-15 20:25:25', 0);
INSERT INTO t_dataresource_field_bus_type (FID, FNAME, FDESC, FIS_SYSTEM, FCREATER, FCREATE_DATE, FMODIFIER, FMODIFY_DATE, FSTATE) VALUES ('12', 'imsi', 'IMSI', 1, '1', '2018-8-16 13:55:18', '1', '2018-8-16 13:56:50', 0);
INSERT INTO t_dataresource_field_bus_type (FID, FNAME, FDESC, FIS_SYSTEM, FCREATER, FCREATE_DATE, FMODIFIER, FMODIFY_DATE, FSTATE) VALUES ('13', 'imei', 'IMEI', 1, '1', '2018-8-16 13:56:11', '1', '2018-8-16 13:56:44', 0);
INSERT INTO t_dataresource_field_bus_type (FID, FNAME, FDESC, FIS_SYSTEM, FCREATER, FCREATE_DATE, FMODIFIER, FMODIFY_DATE, FSTATE) VALUES ('14', 'qq', 'QQ', 1, '1', '2018-8-16 13:56:26', '1', '2018-8-16 13:56:32', 0);
INSERT INTO t_dataresource_field_bus_type (FID, FNAME, FDESC, FIS_SYSTEM, FCREATER, FCREATE_DATE, FMODIFIER, FMODIFY_DATE, FSTATE) VALUES ('15', 'car', '车牌', 1, '1', '2018-8-16 13:57:27', '1', '2018-8-16 13:57:42', 0);
INSERT INTO t_dataresource_field_bus_type (FID, FNAME, FDESC, FIS_SYSTEM, FCREATER, FCREATE_DATE, FMODIFIER, FMODIFY_DATE, FSTATE) VALUES ('16', 'bankcard', '银行卡', 1, '1', '2018-8-16 13:58:08', '1', '2018-8-16 13:58:08', 0);
INSERT INTO t_dataresource_field_bus_type (FID, FNAME, FDESC, FIS_SYSTEM, FCREATER, FCREATE_DATE, FMODIFIER, FMODIFY_DATE, FSTATE) VALUES ('17', 'wechat', '微信', 1, '1', '2018-8-16 13:59:17', '1', '2018-8-16 13:59:17', 0);
INSERT INTO t_dataresource_field_bus_type (FID, FNAME, FDESC, FIS_SYSTEM, FCREATER, FCREATE_DATE, FMODIFIER, FMODIFY_DATE, FSTATE) VALUES ('18', 'weibo', '微博', 1, '1', '2018-8-16 13:59:41', '1', '2018-8-16 13:59:41', 0);
INSERT INTO t_dataresource_field_bus_type (FID, FNAME, FDESC, FIS_SYSTEM, FCREATER, FCREATE_DATE, FMODIFIER, FMODIFY_DATE, FSTATE) VALUES ('19', 'caseno', '案件编号', 1, '1', '2018-8-16 14:00:30', '1', '2018-8-16 14:00:30', 0);
INSERT INTO t_dataresource_field_bus_type (FID, FNAME, FDESC, FIS_SYSTEM, FCREATER, FCREATE_DATE, FMODIFIER, FMODIFY_DATE, FSTATE) VALUES ('20', 'momo', '陌陌', 1, '1', '2018-8-16 14:01:10', '1', '2018-8-16 14:01:10', 0);
INSERT INTO t_dataresource_field_bus_type (FID, FNAME, FDESC, FIS_SYSTEM, FCREATER, FCREATE_DATE, FMODIFIER, FMODIFY_DATE, FSTATE) VALUES ('21', 'longitude', '经度', 1, '1', '2018-8-16 14:01:49', '1', '2018-8-16 14:01:49', 0);
INSERT INTO t_dataresource_field_bus_type (FID, FNAME, FDESC, FIS_SYSTEM, FCREATER, FCREATE_DATE, FMODIFIER, FMODIFY_DATE, FSTATE) VALUES ('22', 'latitude', '纬度', 1, '1', '2018-8-16 14:02:01', '1', '2018-8-16 14:02:01', 0);
INSERT INTO t_dataresource_field_bus_type (FID, FNAME, FDESC, FIS_SYSTEM, FCREATER, FCREATE_DATE, FMODIFIER, FMODIFY_DATE, FSTATE) VALUES ('23', 'gps', 'GPS', 1, '1', '2018-8-16 14:02:11', '1', '2018-8-16 14:02:11', 0);
INSERT INTO t_dataresource_field_bus_type (FID, FNAME, FDESC, FIS_SYSTEM, FCREATER, FCREATE_DATE, FMODIFIER, FMODIFY_DATE, FSTATE) VALUES ('99', 'other', '其他', 1, '1', '2018-8-2 14:43:08', '1', '2018-8-14 17:20:15', 1);

INSERT INTO t_dataresource_field_data_type (FID, FNAME, FDESC, FCREATER, FCREATE_DATE, FMODIFIER, FMODIFY_DATE, FSTATE) VALUES ('1', 'string', '字符类型', '1', '2018-5-1 11:35:06', '1', '2018-5-1 11:35:06', 0);
INSERT INTO t_dataresource_field_data_type (FID, FNAME, FDESC, FCREATER, FCREATE_DATE, FMODIFIER, FMODIFY_DATE, FSTATE) VALUES ('2', 'int', '整数类型', '1', '2018-5-1 11:35:06', '1', '2018-5-1 11:35:06', 0);
INSERT INTO t_dataresource_field_data_type (FID, FNAME, FDESC, FCREATER, FCREATE_DATE, FMODIFIER, FMODIFY_DATE, FSTATE) VALUES ('3', 'double', '浮点类型', '1', '2018-5-1 11:35:06', '1', '2018-5-1 11:35:06', 0);
INSERT INTO t_dataresource_field_data_type (FID, FNAME, FDESC, FCREATER, FCREATE_DATE, FMODIFIER, FMODIFY_DATE, FSTATE) VALUES ('4', 'boolean', '布尔类型', '1', '2018-5-1 11:35:06', '1', '2018-5-1 11:35:06', 0);
INSERT INTO t_dataresource_field_data_type (FID, FNAME, FDESC, FCREATER, FCREATE_DATE, FMODIFIER, FMODIFY_DATE, FSTATE) VALUES ('5', 'long', '长整类型', '1', '2018-7-31 17:21:50', '1', '2018-7-31 17:21:53', 0);
INSERT INTO t_dataresource_field_data_type (FID, FNAME, FDESC, FCREATER, FCREATE_DATE, FMODIFIER, FMODIFY_DATE, FSTATE) VALUES ('6', 'date', '时间类型', '1', '2018-7-31 17:22:10', '1', '2018-7-31 17:22:13', 0);
INSERT INTO t_dataresource_field_data_type (FID, FNAME, FDESC, FCREATER, FCREATE_DATE, FMODIFIER, FMODIFY_DATE, FSTATE) VALUES ('7', 'gps', 'gps类型', '1', '2018-7-31 17:22:47', '1', '2018-7-31 17:22:51', 0);
INSERT INTO t_dataresource_field_data_type (FID, FNAME, FDESC, FCREATER, FCREATE_DATE, FMODIFIER, FMODIFY_DATE, FSTATE) VALUES ('8', 'byte', '字节类型', '1', '2018-8-16 14:05:35', '1', '2018-8-16 14:05:38', 0);
INSERT INTO t_dataresource_field_data_type (FID, FNAME, FDESC, FCREATER, FCREATE_DATE, FMODIFIER, FMODIFY_DATE, FSTATE) VALUES ('9', 'object', '对象类型', '1', '2018-8-16 14:05:35', '1', '2018-8-16 14:05:38', 0);

INSERT INTO t_dic (FCODE, FNAME, FDESC, FORDER, FIS_SYSTEM, FCREATER, FCREATE_DATE, FMODIFIER, FMODIFY_DATE) VALUES ('blood', '血型', '公安常见血型', 2, 1, '1', '2018-7-19 16:48:02', '1', '2018-7-19 16:48:02');
INSERT INTO t_dic (FCODE, FNAME, FDESC, FORDER, FIS_SYSTEM, FCREATER, FCREATE_DATE, FMODIFIER, FMODIFY_DATE) VALUES ('education', '文化程度', '文化程度', 3, 1, '1', '2018-7-19 16:58:51', '1', '2018-7-19 16:58:51');
INSERT INTO t_dic (FCODE, FNAME, FDESC, FORDER, FIS_SYSTEM, FCREATER, FCREATE_DATE, FMODIFIER, FMODIFY_DATE) VALUES ('nation', '名族', '名族', 1, 1, '1', '2018-7-19 16:44:54', '1', '2018-7-19 16:44:54');
INSERT INTO t_dic (FCODE, FNAME, FDESC, FORDER, FIS_SYSTEM, FCREATER, FCREATE_DATE, FMODIFIER, FMODIFY_DATE) VALUES ('maritalstatus', '婚姻状况', '婚姻状况', 4, 1, '1', '2018-7-19 17:02:11', '1', '2018-7-19 17:02:11');
INSERT INTO t_dic (FCODE, FNAME, FDESC, FORDER, FIS_SYSTEM, FCREATER, FCREATE_DATE, FMODIFIER, FMODIFY_DATE) VALUES ('militaryservicestatus', '兵役状况', '兵役状况', 5, 1, '1', '2018-7-19 17:07:38', '1', '2018-7-19 17:07:38');
INSERT INTO t_dic (FCODE, FNAME, FDESC, FORDER, FIS_SYSTEM, FCREATER, FCREATE_DATE, FMODIFIER, FMODIFY_DATE) VALUES ('relationto', '与户主关系', '与户主关系', 6, 1, '1', '2018-7-19 18:19:52', '1', '2018-7-19 18:19:52');
INSERT INTO t_dic (FCODE, FNAME, FDESC, FORDER, FIS_SYSTEM, FCREATER, FCREATE_DATE, FMODIFIER, FMODIFY_DATE) VALUES ('sex', '性别', '性别', 0, 1, '1', '2018-7-19 16:23:02', '1', '2018-7-19 16:23:02');


INSERT INTO t_dicitem (FID, FCODE, FITEM, FVALUE, FORDER, FCREATER, FCREATE_DATE, FMODIFIER, FMODIFY_DATE) VALUES ('226739805617188864', 'sex', '1', '男', 0, '1', '2018-7-19 16:23:02', '1', '2018-7-19 16:23:02');
INSERT INTO t_dicitem (FID, FCODE, FITEM, FVALUE, FORDER, FCREATER, FCREATE_DATE, FMODIFIER, FMODIFY_DATE) VALUES ('226739805638160384', 'sex', '2', '女', 1, '1', '2018-7-19 16:23:02', '1', '2018-7-19 16:23:02');
INSERT INTO t_dicitem (FID, FCODE, FITEM, FVALUE, FORDER, FCREATER, FCREATE_DATE, FMODIFIER, FMODIFY_DATE) VALUES ('226745307730341888', 'nation', '01', '汉族', 0, '1', '2018-7-19 16:44:54', '1', '2018-7-19 16:44:54');
INSERT INTO t_dicitem (FID, FCODE, FITEM, FVALUE, FORDER, FCREATER, FCREATE_DATE, FMODIFIER, FMODIFY_DATE) VALUES ('226745307747119104', 'nation', '02', '蒙古族', 1, '1', '2018-7-19 16:44:54', '1', '2018-7-19 16:44:54');
INSERT INTO t_dicitem (FID, FCODE, FITEM, FVALUE, FORDER, FCREATER, FCREATE_DATE, FMODIFIER, FMODIFY_DATE) VALUES ('226745307768090624', 'nation', '03', '回族', 2, '1', '2018-7-19 16:44:54', '1', '2018-7-19 16:44:54');
INSERT INTO t_dicitem (FID, FCODE, FITEM, FVALUE, FORDER, FCREATER, FCREATE_DATE, FMODIFIER, FMODIFY_DATE) VALUES ('226745307784867840', 'nation', '04', '藏族', 3, '1', '2018-7-19 16:44:54', '1', '2018-7-19 16:44:54');
INSERT INTO t_dicitem (FID, FCODE, FITEM, FVALUE, FORDER, FCREATER, FCREATE_DATE, FMODIFIER, FMODIFY_DATE) VALUES ('226745307801645056', 'nation', '05', '维吾尔族', 4, '1', '2018-7-19 16:44:54', '1', '2018-7-19 16:44:54');
INSERT INTO t_dicitem (FID, FCODE, FITEM, FVALUE, FORDER, FCREATER, FCREATE_DATE, FMODIFIER, FMODIFY_DATE) VALUES ('226745307814227968', 'nation', '06', '苗族', 5, '1', '2018-7-19 16:44:54', '1', '2018-7-19 16:44:54');
INSERT INTO t_dicitem (FID, FCODE, FITEM, FVALUE, FORDER, FCREATER, FCREATE_DATE, FMODIFIER, FMODIFY_DATE) VALUES ('226745307826810880', 'nation', '07', '彝族', 6, '1', '2018-7-19 16:44:54', '1', '2018-7-19 16:44:54');
INSERT INTO t_dicitem (FID, FCODE, FITEM, FVALUE, FORDER, FCREATER, FCREATE_DATE, FMODIFIER, FMODIFY_DATE) VALUES ('226745307839393792', 'nation', '08', '壮族', 7, '1', '2018-7-19 16:44:54', '1', '2018-7-19 16:44:54');
INSERT INTO t_dicitem (FID, FCODE, FITEM, FVALUE, FORDER, FCREATER, FCREATE_DATE, FMODIFIER, FMODIFY_DATE) VALUES ('226745307856171008', 'nation', '09', '布依族', 8, '1', '2018-7-19 16:44:54', '1', '2018-7-19 16:44:54');
INSERT INTO t_dicitem (FID, FCODE, FITEM, FVALUE, FORDER, FCREATER, FCREATE_DATE, FMODIFIER, FMODIFY_DATE) VALUES ('226745307877142528', 'nation', '10', '朝鲜族', 9, '1', '2018-7-19 16:44:54', '1', '2018-7-19 16:44:54');
INSERT INTO t_dicitem (FID, FCODE, FITEM, FVALUE, FORDER, FCREATER, FCREATE_DATE, FMODIFIER, FMODIFY_DATE) VALUES ('226745307893919744', 'nation', '11', '满族', 10, '1', '2018-7-19 16:44:54', '1', '2018-7-19 16:44:54');
INSERT INTO t_dicitem (FID, FCODE, FITEM, FVALUE, FORDER, FCREATER, FCREATE_DATE, FMODIFIER, FMODIFY_DATE) VALUES ('226745307910696960', 'nation', '12', '侗族', 11, '1', '2018-7-19 16:44:54', '1', '2018-7-19 16:44:54');
INSERT INTO t_dicitem (FID, FCODE, FITEM, FVALUE, FORDER, FCREATER, FCREATE_DATE, FMODIFIER, FMODIFY_DATE) VALUES ('226745307931668480', 'nation', '13', '瑶族', 12, '1', '2018-7-19 16:44:54', '1', '2018-7-19 16:44:54');
INSERT INTO t_dicitem (FID, FCODE, FITEM, FVALUE, FORDER, FCREATER, FCREATE_DATE, FMODIFIER, FMODIFY_DATE) VALUES ('226745307948445696', 'nation', '14', '白族', 13, '1', '2018-7-19 16:44:54', '1', '2018-7-19 16:44:54');
INSERT INTO t_dicitem (FID, FCODE, FITEM, FVALUE, FORDER, FCREATER, FCREATE_DATE, FMODIFIER, FMODIFY_DATE) VALUES ('226745307965222912', 'nation', '15', '土家族', 14, '1', '2018-7-19 16:44:54', '1', '2018-7-19 16:44:54');
INSERT INTO t_dicitem (FID, FCODE, FITEM, FVALUE, FORDER, FCREATER, FCREATE_DATE, FMODIFIER, FMODIFY_DATE) VALUES ('226745307977805824', 'nation', '16', '哈尼族', 15, '1', '2018-7-19 16:44:54', '1', '2018-7-19 16:44:54');
INSERT INTO t_dicitem (FID, FCODE, FITEM, FVALUE, FORDER, FCREATER, FCREATE_DATE, FMODIFIER, FMODIFY_DATE) VALUES ('226745307994583040', 'nation', '17', '哈萨克族', 16, '1', '2018-7-19 16:44:54', '1', '2018-7-19 16:44:54');
INSERT INTO t_dicitem (FID, FCODE, FITEM, FVALUE, FORDER, FCREATER, FCREATE_DATE, FMODIFIER, FMODIFY_DATE) VALUES ('226745308011360256', 'nation', '18', '傣族', 17, '1', '2018-7-19 16:44:54', '1', '2018-7-19 16:44:54');
INSERT INTO t_dicitem (FID, FCODE, FITEM, FVALUE, FORDER, FCREATER, FCREATE_DATE, FMODIFIER, FMODIFY_DATE) VALUES ('226745308023943168', 'nation', '19', '黎族', 18, '1', '2018-7-19 16:44:54', '1', '2018-7-19 16:44:54');
INSERT INTO t_dicitem (FID, FCODE, FITEM, FVALUE, FORDER, FCREATER, FCREATE_DATE, FMODIFIER, FMODIFY_DATE) VALUES ('226745308036526080', 'nation', '20', '彝族', 19, '1', '2018-7-19 16:44:54', '1', '2018-7-19 16:44:54');
INSERT INTO t_dicitem (FID, FCODE, FITEM, FVALUE, FORDER, FCREATER, FCREATE_DATE, FMODIFIER, FMODIFY_DATE) VALUES ('226745308049108992', 'nation', '21', '傈僳族', 20, '1', '2018-7-19 16:44:54', '1', '2018-7-19 16:44:54');
INSERT INTO t_dicitem (FID, FCODE, FITEM, FVALUE, FORDER, FCREATER, FCREATE_DATE, FMODIFIER, FMODIFY_DATE) VALUES ('226745308061691904', 'nation', '22', '佤族', 21, '1', '2018-7-19 16:44:54', '1', '2018-7-19 16:44:54');
INSERT INTO t_dicitem (FID, FCODE, FITEM, FVALUE, FORDER, FCREATER, FCREATE_DATE, FMODIFIER, FMODIFY_DATE) VALUES ('226745308074274816', 'nation', '23', '畲族', 22, '1', '2018-7-19 16:44:54', '1', '2018-7-19 16:44:54');
INSERT INTO t_dicitem (FID, FCODE, FITEM, FVALUE, FORDER, FCREATER, FCREATE_DATE, FMODIFIER, FMODIFY_DATE) VALUES ('226745308086857728', 'nation', '24', '高山族', 23, '1', '2018-7-19 16:44:54', '1', '2018-7-19 16:44:54');
INSERT INTO t_dicitem (FID, FCODE, FITEM, FVALUE, FORDER, FCREATER, FCREATE_DATE, FMODIFIER, FMODIFY_DATE) VALUES ('226745308099440640', 'nation', '25', '拉祜族', 24, '1', '2018-7-19 16:44:54', '1', '2018-7-19 16:44:54');
INSERT INTO t_dicitem (FID, FCODE, FITEM, FVALUE, FORDER, FCREATER, FCREATE_DATE, FMODIFIER, FMODIFY_DATE) VALUES ('226745308112023552', 'nation', '26', '水族', 25, '1', '2018-7-19 16:44:54', '1', '2018-7-19 16:44:54');
INSERT INTO t_dicitem (FID, FCODE, FITEM, FVALUE, FORDER, FCREATER, FCREATE_DATE, FMODIFIER, FMODIFY_DATE) VALUES ('226745308124606464', 'nation', '27', '东乡族', 26, '1', '2018-7-19 16:44:54', '1', '2018-7-19 16:44:54');
INSERT INTO t_dicitem (FID, FCODE, FITEM, FVALUE, FORDER, FCREATER, FCREATE_DATE, FMODIFIER, FMODIFY_DATE) VALUES ('226745308137189376', 'nation', '28', '纳西族', 27, '1', '2018-7-19 16:44:54', '1', '2018-7-19 16:44:54');
INSERT INTO t_dicitem (FID, FCODE, FITEM, FVALUE, FORDER, FCREATER, FCREATE_DATE, FMODIFIER, FMODIFY_DATE) VALUES ('226745308149772288', 'nation', '29', '景颇族', 28, '1', '2018-7-19 16:44:54', '1', '2018-7-19 16:44:54');
INSERT INTO t_dicitem (FID, FCODE, FITEM, FVALUE, FORDER, FCREATER, FCREATE_DATE, FMODIFIER, FMODIFY_DATE) VALUES ('226745308162355200', 'nation', '30', '柯尔克孜族', 29, '1', '2018-7-19 16:44:54', '1', '2018-7-19 16:44:54');
INSERT INTO t_dicitem (FID, FCODE, FITEM, FVALUE, FORDER, FCREATER, FCREATE_DATE, FMODIFIER, FMODIFY_DATE) VALUES ('226745308174938112', 'nation', '31', '土族', 30, '1', '2018-7-19 16:44:54', '1', '2018-7-19 16:44:54');
INSERT INTO t_dicitem (FID, FCODE, FITEM, FVALUE, FORDER, FCREATER, FCREATE_DATE, FMODIFIER, FMODIFY_DATE) VALUES ('226745308187521024', 'nation', '32', '达斡尔族', 31, '1', '2018-7-19 16:44:54', '1', '2018-7-19 16:44:54');
INSERT INTO t_dicitem (FID, FCODE, FITEM, FVALUE, FORDER, FCREATER, FCREATE_DATE, FMODIFIER, FMODIFY_DATE) VALUES ('226745308200103936', 'nation', '33', '仫佬族', 32, '1', '2018-7-19 16:44:54', '1', '2018-7-19 16:44:54');
INSERT INTO t_dicitem (FID, FCODE, FITEM, FVALUE, FORDER, FCREATER, FCREATE_DATE, FMODIFIER, FMODIFY_DATE) VALUES ('226745308212686848', 'nation', '34', '羌族', 33, '1', '2018-7-19 16:44:54', '1', '2018-7-19 16:44:54');
INSERT INTO t_dicitem (FID, FCODE, FITEM, FVALUE, FORDER, FCREATER, FCREATE_DATE, FMODIFIER, FMODIFY_DATE) VALUES ('226745308225269760', 'nation', '35', '布朗族', 34, '1', '2018-7-19 16:44:54', '1', '2018-7-19 16:44:54');
INSERT INTO t_dicitem (FID, FCODE, FITEM, FVALUE, FORDER, FCREATER, FCREATE_DATE, FMODIFIER, FMODIFY_DATE) VALUES ('226745308233658368', 'nation', '36', '毛难族', 35, '1', '2018-7-19 16:44:54', '1', '2018-7-19 16:44:54');
INSERT INTO t_dicitem (FID, FCODE, FITEM, FVALUE, FORDER, FCREATER, FCREATE_DATE, FMODIFIER, FMODIFY_DATE) VALUES ('226745308250435584', 'nation', '37', '仡佬族', 36, '1', '2018-7-19 16:44:54', '1', '2018-7-19 16:44:54');
INSERT INTO t_dicitem (FID, FCODE, FITEM, FVALUE, FORDER, FCREATER, FCREATE_DATE, FMODIFIER, FMODIFY_DATE) VALUES ('226745308263018496', 'nation', '38', '锡伯族', 37, '1', '2018-7-19 16:44:54', '1', '2018-7-19 16:44:54');
INSERT INTO t_dicitem (FID, FCODE, FITEM, FVALUE, FORDER, FCREATER, FCREATE_DATE, FMODIFIER, FMODIFY_DATE) VALUES ('226745308275601408', 'nation', '39', '阿昌族', 38, '1', '2018-7-19 16:44:54', '1', '2018-7-19 16:44:54');
INSERT INTO t_dicitem (FID, FCODE, FITEM, FVALUE, FORDER, FCREATER, FCREATE_DATE, FMODIFIER, FMODIFY_DATE) VALUES ('226745308292378624', 'nation', '40', '普米族', 39, '1', '2018-7-19 16:44:54', '1', '2018-7-19 16:44:54');
INSERT INTO t_dicitem (FID, FCODE, FITEM, FVALUE, FORDER, FCREATER, FCREATE_DATE, FMODIFIER, FMODIFY_DATE) VALUES ('226745308304961536', 'nation', '41', '塔吉克族', 40, '1', '2018-7-19 16:44:54', '1', '2018-7-19 16:44:54');
INSERT INTO t_dicitem (FID, FCODE, FITEM, FVALUE, FORDER, FCREATER, FCREATE_DATE, FMODIFIER, FMODIFY_DATE) VALUES ('226745308313350144', 'nation', '42', '怒族', 41, '1', '2018-7-19 16:44:54', '1', '2018-7-19 16:44:54');
INSERT INTO t_dicitem (FID, FCODE, FITEM, FVALUE, FORDER, FCREATER, FCREATE_DATE, FMODIFIER, FMODIFY_DATE) VALUES ('226745308325933056', 'nation', '43', '乌孜别克族', 42, '1', '2018-7-19 16:44:54', '1', '2018-7-19 16:44:54');
INSERT INTO t_dicitem (FID, FCODE, FITEM, FVALUE, FORDER, FCREATER, FCREATE_DATE, FMODIFIER, FMODIFY_DATE) VALUES ('226745308338515968', 'nation', '44', '俄罗斯族', 43, '1', '2018-7-19 16:44:54', '1', '2018-7-19 16:44:54');
INSERT INTO t_dicitem (FID, FCODE, FITEM, FVALUE, FORDER, FCREATER, FCREATE_DATE, FMODIFIER, FMODIFY_DATE) VALUES ('226745308346904576', 'nation', '45', '鄂温克族', 44, '1', '2018-7-19 16:44:54', '1', '2018-7-19 16:44:54');
INSERT INTO t_dicitem (FID, FCODE, FITEM, FVALUE, FORDER, FCREATER, FCREATE_DATE, FMODIFIER, FMODIFY_DATE) VALUES ('226745308359487488', 'nation', '46', '崩龙族', 45, '1', '2018-7-19 16:44:54', '1', '2018-7-19 16:44:54');
INSERT INTO t_dicitem (FID, FCODE, FITEM, FVALUE, FORDER, FCREATER, FCREATE_DATE, FMODIFIER, FMODIFY_DATE) VALUES ('226745308372070400', 'nation', '47', '保安族', 46, '1', '2018-7-19 16:44:54', '1', '2018-7-19 16:44:54');
INSERT INTO t_dicitem (FID, FCODE, FITEM, FVALUE, FORDER, FCREATER, FCREATE_DATE, FMODIFIER, FMODIFY_DATE) VALUES ('226745308384653312', 'nation', '48', '裕固族', 47, '1', '2018-7-19 16:44:54', '1', '2018-7-19 16:44:54');
INSERT INTO t_dicitem (FID, FCODE, FITEM, FVALUE, FORDER, FCREATER, FCREATE_DATE, FMODIFIER, FMODIFY_DATE) VALUES ('226745308393041920', 'nation', '49', '京族', 48, '1', '2018-7-19 16:44:54', '1', '2018-7-19 16:44:54');
INSERT INTO t_dicitem (FID, FCODE, FITEM, FVALUE, FORDER, FCREATER, FCREATE_DATE, FMODIFIER, FMODIFY_DATE) VALUES ('226745308401430528', 'nation', '50', '塔塔尔族', 49, '1', '2018-7-19 16:44:54', '1', '2018-7-19 16:44:54');
INSERT INTO t_dicitem (FID, FCODE, FITEM, FVALUE, FORDER, FCREATER, FCREATE_DATE, FMODIFIER, FMODIFY_DATE) VALUES ('226745308414013440', 'nation', '51', '独龙族', 50, '1', '2018-7-19 16:44:54', '1', '2018-7-19 16:44:54');
INSERT INTO t_dicitem (FID, FCODE, FITEM, FVALUE, FORDER, FCREATER, FCREATE_DATE, FMODIFIER, FMODIFY_DATE) VALUES ('226745308426596352', 'nation', '52', '鄂伦春族', 51, '1', '2018-7-19 16:44:54', '1', '2018-7-19 16:44:54');
INSERT INTO t_dicitem (FID, FCODE, FITEM, FVALUE, FORDER, FCREATER, FCREATE_DATE, FMODIFIER, FMODIFY_DATE) VALUES ('226745308434984960', 'nation', '53', '赫哲族', 52, '1', '2018-7-19 16:44:54', '1', '2018-7-19 16:44:54');
INSERT INTO t_dicitem (FID, FCODE, FITEM, FVALUE, FORDER, FCREATER, FCREATE_DATE, FMODIFIER, FMODIFY_DATE) VALUES ('226745308447567872', 'nation', '54', '门巴族', 53, '1', '2018-7-19 16:44:54', '1', '2018-7-19 16:44:54');
INSERT INTO t_dicitem (FID, FCODE, FITEM, FVALUE, FORDER, FCREATER, FCREATE_DATE, FMODIFIER, FMODIFY_DATE) VALUES ('226745308455956480', 'nation', '55', '珞巴族', 54, '1', '2018-7-19 16:44:54', '1', '2018-7-19 16:44:54');
INSERT INTO t_dicitem (FID, FCODE, FITEM, FVALUE, FORDER, FCREATER, FCREATE_DATE, FMODIFIER, FMODIFY_DATE) VALUES ('226745308468539392', 'nation', '56', '基诺族', 55, '1', '2018-7-19 16:44:54', '1', '2018-7-19 16:44:54');
INSERT INTO t_dicitem (FID, FCODE, FITEM, FVALUE, FORDER, FCREATER, FCREATE_DATE, FMODIFIER, FMODIFY_DATE) VALUES ('226745308481122304', 'nation', '57', '其他', 56, '1', '2018-7-19 16:44:54', '1', '2018-7-19 16:44:54');
INSERT INTO t_dicitem (FID, FCODE, FITEM, FVALUE, FORDER, FCREATER, FCREATE_DATE, FMODIFIER, FMODIFY_DATE) VALUES ('226745308493705216', 'nation', '58', '外国血统', 57, '1', '2018-7-19 16:44:54', '1', '2018-7-19 16:44:54');
INSERT INTO t_dicitem (FID, FCODE, FITEM, FVALUE, FORDER, FCREATER, FCREATE_DATE, FMODIFIER, FMODIFY_DATE) VALUES ('226746096024612864', 'blood', '0', '不明', 0, '1', '2018-7-19 16:48:02', '1', '2018-7-19 16:48:02');
INSERT INTO t_dicitem (FID, FCODE, FITEM, FVALUE, FORDER, FCREATER, FCREATE_DATE, FMODIFIER, FMODIFY_DATE) VALUES ('226746096041390080', 'blood', '1', 'A型', 1, '1', '2018-7-19 16:48:02', '1', '2018-7-19 16:48:02');
INSERT INTO t_dicitem (FID, FCODE, FITEM, FVALUE, FORDER, FCREATER, FCREATE_DATE, FMODIFIER, FMODIFY_DATE) VALUES ('226746096058167296', 'blood', '2', 'B型', 2, '1', '2018-7-19 16:48:02', '1', '2018-7-19 16:48:02');
INSERT INTO t_dicitem (FID, FCODE, FITEM, FVALUE, FORDER, FCREATER, FCREATE_DATE, FMODIFIER, FMODIFY_DATE) VALUES ('226746096070750208', 'blood', '3', 'O型', 3, '1', '2018-7-19 16:48:02', '1', '2018-7-19 16:48:02');
INSERT INTO t_dicitem (FID, FCODE, FITEM, FVALUE, FORDER, FCREATER, FCREATE_DATE, FMODIFIER, FMODIFY_DATE) VALUES ('226746096087527424', 'blood', '4', 'AB型', 4, '1', '2018-7-19 16:48:02', '1', '2018-7-19 16:48:02');
INSERT INTO t_dicitem (FID, FCODE, FITEM, FVALUE, FORDER, FCREATER, FCREATE_DATE, FMODIFIER, FMODIFY_DATE) VALUES ('226746096100110336', 'blood', '9', '其他', 5, '1', '2018-7-19 16:48:02', '1', '2018-7-19 16:48:02');
INSERT INTO t_dicitem (FID, FCODE, FITEM, FVALUE, FORDER, FCREATER, FCREATE_DATE, FMODIFIER, FMODIFY_DATE) VALUES ('226748821466574848', 'education', '00', '从未上过学', 0, '1', '2018-7-19 16:58:51', '1', '2018-7-19 16:58:51');
INSERT INTO t_dicitem (FID, FCODE, FITEM, FVALUE, FORDER, FCREATER, FCREATE_DATE, FMODIFIER, FMODIFY_DATE) VALUES ('226748821479157760', 'education', '10', '研究生', 1, '1', '2018-7-19 16:58:51', '1', '2018-7-19 16:58:51');
INSERT INTO t_dicitem (FID, FCODE, FITEM, FVALUE, FORDER, FCREATER, FCREATE_DATE, FMODIFIER, FMODIFY_DATE) VALUES ('226748821491740672', 'education', '11', '研究生毕业', 2, '1', '2018-7-19 16:58:51', '1', '2018-7-19 16:58:51');
INSERT INTO t_dicitem (FID, FCODE, FITEM, FVALUE, FORDER, FCREATER, FCREATE_DATE, FMODIFIER, FMODIFY_DATE) VALUES ('226748821508517888', 'education', '18', '相当研究生毕业', 3, '1', '2018-7-19 16:58:51', '1', '2018-7-19 16:58:51');
INSERT INTO t_dicitem (FID, FCODE, FITEM, FVALUE, FORDER, FCREATER, FCREATE_DATE, FMODIFIER, FMODIFY_DATE) VALUES ('226748821529489408', 'education', '19', '研究生肄业', 4, '1', '2018-7-19 16:58:51', '1', '2018-7-19 16:58:51');
INSERT INTO t_dicitem (FID, FCODE, FITEM, FVALUE, FORDER, FCREATER, FCREATE_DATE, FMODIFIER, FMODIFY_DATE) VALUES ('226748821550460928', 'education', '20', '大学本科', 5, '1', '2018-7-19 16:58:51', '1', '2018-7-19 16:58:51');
INSERT INTO t_dicitem (FID, FCODE, FITEM, FVALUE, FORDER, FCREATER, FCREATE_DATE, FMODIFIER, FMODIFY_DATE) VALUES ('226748821563043840', 'education', '21', '大学毕业', 6, '1', '2018-7-19 16:58:51', '1', '2018-7-19 16:58:51');
INSERT INTO t_dicitem (FID, FCODE, FITEM, FVALUE, FORDER, FCREATER, FCREATE_DATE, FMODIFIER, FMODIFY_DATE) VALUES ('226748821571432448', 'education', '28', '相当大学毕业', 7, '1', '2018-7-19 16:58:51', '1', '2018-7-19 16:58:51');
INSERT INTO t_dicitem (FID, FCODE, FITEM, FVALUE, FORDER, FCREATER, FCREATE_DATE, FMODIFIER, FMODIFY_DATE) VALUES ('226748821592403968', 'education', '29', '大学肄业', 8, '1', '2018-7-19 16:58:51', '1', '2018-7-19 16:58:51');
INSERT INTO t_dicitem (FID, FCODE, FITEM, FVALUE, FORDER, FCREATER, FCREATE_DATE, FMODIFIER, FMODIFY_DATE) VALUES ('226748821617569792', 'education', '30', '大学专科和专科学校', 9, '1', '2018-7-19 16:58:51', '1', '2018-7-19 16:58:51');
INSERT INTO t_dicitem (FID, FCODE, FITEM, FVALUE, FORDER, FCREATER, FCREATE_DATE, FMODIFIER, FMODIFY_DATE) VALUES ('226748821630152704', 'education', '31', '专科毕业', 10, '1', '2018-7-19 16:58:51', '1', '2018-7-19 16:58:51');
INSERT INTO t_dicitem (FID, FCODE, FITEM, FVALUE, FORDER, FCREATER, FCREATE_DATE, FMODIFIER, FMODIFY_DATE) VALUES ('226748821642735616', 'education', '38', '相当专科毕业', 11, '1', '2018-7-19 16:58:51', '1', '2018-7-19 16:58:51');
INSERT INTO t_dicitem (FID, FCODE, FITEM, FVALUE, FORDER, FCREATER, FCREATE_DATE, FMODIFIER, FMODIFY_DATE) VALUES ('226748821659512832', 'education', '39', '专科肄业', 12, '1', '2018-7-19 16:58:51', '1', '2018-7-19 16:58:51');
INSERT INTO t_dicitem (FID, FCODE, FITEM, FVALUE, FORDER, FCREATER, FCREATE_DATE, FMODIFIER, FMODIFY_DATE) VALUES ('226748821676290048', 'education', '40', '中等专业学校', 13, '1', '2018-7-19 16:58:51', '1', '2018-7-19 16:58:51');
INSERT INTO t_dicitem (FID, FCODE, FITEM, FVALUE, FORDER, FCREATER, FCREATE_DATE, FMODIFIER, FMODIFY_DATE) VALUES ('226748821688872960', 'education', '41', '中专毕业', 14, '1', '2018-7-19 16:58:51', '1', '2018-7-19 16:58:51');
INSERT INTO t_dicitem (FID, FCODE, FITEM, FVALUE, FORDER, FCREATER, FCREATE_DATE, FMODIFIER, FMODIFY_DATE) VALUES ('226748821701455872', 'education', '42', '中技毕业', 15, '1', '2018-7-19 16:58:51', '1', '2018-7-19 16:58:51');
INSERT INTO t_dicitem (FID, FCODE, FITEM, FVALUE, FORDER, FCREATER, FCREATE_DATE, FMODIFIER, FMODIFY_DATE) VALUES ('226748821718233088', 'education', '48', '相当中专或中技毕业', 16, '1', '2018-7-19 16:58:51', '1', '2018-7-19 16:58:51');
INSERT INTO t_dicitem (FID, FCODE, FITEM, FVALUE, FORDER, FCREATER, FCREATE_DATE, FMODIFIER, FMODIFY_DATE) VALUES ('226748821735010304', 'education', '49', '中专或中技肄业', 17, '1', '2018-7-19 16:58:51', '1', '2018-7-19 16:58:51');
INSERT INTO t_dicitem (FID, FCODE, FITEM, FVALUE, FORDER, FCREATER, FCREATE_DATE, FMODIFIER, FMODIFY_DATE) VALUES ('226748821747593216', 'education', '50', '技工学校', 18, '1', '2018-7-19 16:58:51', '1', '2018-7-19 16:58:51');
INSERT INTO t_dicitem (FID, FCODE, FITEM, FVALUE, FORDER, FCREATER, FCREATE_DATE, FMODIFIER, FMODIFY_DATE) VALUES ('226748821764370432', 'education', '51', '技工学校毕业', 19, '1', '2018-7-19 16:58:51', '1', '2018-7-19 16:58:51');
INSERT INTO t_dicitem (FID, FCODE, FITEM, FVALUE, FORDER, FCREATER, FCREATE_DATE, FMODIFIER, FMODIFY_DATE) VALUES ('226748821776953344', 'education', '52', '相当技工学校毕业', 20, '1', '2018-7-19 16:58:51', '1', '2018-7-19 16:58:51');
INSERT INTO t_dicitem (FID, FCODE, FITEM, FVALUE, FORDER, FCREATER, FCREATE_DATE, FMODIFIER, FMODIFY_DATE) VALUES ('226748821793730560', 'education', '59', '技工学校肄业', 21, '1', '2018-7-19 16:58:51', '1', '2018-7-19 16:58:51');
INSERT INTO t_dicitem (FID, FCODE, FITEM, FVALUE, FORDER, FCREATER, FCREATE_DATE, FMODIFIER, FMODIFY_DATE) VALUES ('226748821806313472', 'education', '60', '高中', 22, '1', '2018-7-19 16:58:51', '1', '2018-7-19 16:58:51');
INSERT INTO t_dicitem (FID, FCODE, FITEM, FVALUE, FORDER, FCREATER, FCREATE_DATE, FMODIFIER, FMODIFY_DATE) VALUES ('226748821823090688', 'education', '61', '高中毕业', 23, '1', '2018-7-19 16:58:51', '1', '2018-7-19 16:58:51');
INSERT INTO t_dicitem (FID, FCODE, FITEM, FVALUE, FORDER, FCREATER, FCREATE_DATE, FMODIFIER, FMODIFY_DATE) VALUES ('226748821835673600', 'education', '62', '职业高中毕业', 24, '1', '2018-7-19 16:58:51', '1', '2018-7-19 16:58:51');
INSERT INTO t_dicitem (FID, FCODE, FITEM, FVALUE, FORDER, FCREATER, FCREATE_DATE, FMODIFIER, FMODIFY_DATE) VALUES ('226748821848256512', 'education', '63', '农业高中毕业', 25, '1', '2018-7-19 16:58:51', '1', '2018-7-19 16:58:51');
INSERT INTO t_dicitem (FID, FCODE, FITEM, FVALUE, FORDER, FCREATER, FCREATE_DATE, FMODIFIER, FMODIFY_DATE) VALUES ('226748821860839424', 'education', '68', '相当高中毕业', 26, '1', '2018-7-19 16:58:51', '1', '2018-7-19 16:58:51');
INSERT INTO t_dicitem (FID, FCODE, FITEM, FVALUE, FORDER, FCREATER, FCREATE_DATE, FMODIFIER, FMODIFY_DATE) VALUES ('226748821877616640', 'education', '69', '高中肄业', 27, '1', '2018-7-19 16:58:51', '1', '2018-7-19 16:58:51');
INSERT INTO t_dicitem (FID, FCODE, FITEM, FVALUE, FORDER, FCREATER, FCREATE_DATE, FMODIFIER, FMODIFY_DATE) VALUES ('226748821894393856', 'education', '70', '初中', 28, '1', '2018-7-19 16:58:51', '1', '2018-7-19 16:58:51');
INSERT INTO t_dicitem (FID, FCODE, FITEM, FVALUE, FORDER, FCREATER, FCREATE_DATE, FMODIFIER, FMODIFY_DATE) VALUES ('226748821906976768', 'education', '71', '初中毕业', 29, '1', '2018-7-19 16:58:51', '1', '2018-7-19 16:58:51');
INSERT INTO t_dicitem (FID, FCODE, FITEM, FVALUE, FORDER, FCREATER, FCREATE_DATE, FMODIFIER, FMODIFY_DATE) VALUES ('226748821919559680', 'education', '72', '职业初中毕业', 30, '1', '2018-7-19 16:58:51', '1', '2018-7-19 16:58:51');
INSERT INTO t_dicitem (FID, FCODE, FITEM, FVALUE, FORDER, FCREATER, FCREATE_DATE, FMODIFIER, FMODIFY_DATE) VALUES ('226748821932142592', 'education', '73', '农业初中毕业', 31, '1', '2018-7-19 16:58:51', '1', '2018-7-19 16:58:51');
INSERT INTO t_dicitem (FID, FCODE, FITEM, FVALUE, FORDER, FCREATER, FCREATE_DATE, FMODIFIER, FMODIFY_DATE) VALUES ('226748821944725504', 'education', '78', '相当初中毕业', 32, '1', '2018-7-19 16:58:51', '1', '2018-7-19 16:58:51');
INSERT INTO t_dicitem (FID, FCODE, FITEM, FVALUE, FORDER, FCREATER, FCREATE_DATE, FMODIFIER, FMODIFY_DATE) VALUES ('226748821957308416', 'education', '79', '初中肄业', 33, '1', '2018-7-19 16:58:51', '1', '2018-7-19 16:58:51');
INSERT INTO t_dicitem (FID, FCODE, FITEM, FVALUE, FORDER, FCREATER, FCREATE_DATE, FMODIFIER, FMODIFY_DATE) VALUES ('226748821969891328', 'education', '80', '小学', 34, '1', '2018-7-19 16:58:51', '1', '2018-7-19 16:58:51');
INSERT INTO t_dicitem (FID, FCODE, FITEM, FVALUE, FORDER, FCREATER, FCREATE_DATE, FMODIFIER, FMODIFY_DATE) VALUES ('226748821982474240', 'education', '81', '小学毕业', 35, '1', '2018-7-19 16:58:51', '1', '2018-7-19 16:58:51');
INSERT INTO t_dicitem (FID, FCODE, FITEM, FVALUE, FORDER, FCREATER, FCREATE_DATE, FMODIFIER, FMODIFY_DATE) VALUES ('226748821999251456', 'education', '88', '相当小学毕业', 36, '1', '2018-7-19 16:58:51', '1', '2018-7-19 16:58:51');
INSERT INTO t_dicitem (FID, FCODE, FITEM, FVALUE, FORDER, FCREATER, FCREATE_DATE, FMODIFIER, FMODIFY_DATE) VALUES ('226748822011834368', 'education', '89', '小学肄业', 37, '1', '2018-7-19 16:58:51', '1', '2018-7-19 16:58:51');
INSERT INTO t_dicitem (FID, FCODE, FITEM, FVALUE, FORDER, FCREATER, FCREATE_DATE, FMODIFIER, FMODIFY_DATE) VALUES ('226748822024417280', 'education', '90', '文盲或半文盲', 38, '1', '2018-7-19 16:58:51', '1', '2018-7-19 16:58:51');
INSERT INTO t_dicitem (FID, FCODE, FITEM, FVALUE, FORDER, FCREATER, FCREATE_DATE, FMODIFIER, FMODIFY_DATE) VALUES ('226749660469981184', 'maritalstatus', '10', '未婚', 0, '1', '2018-7-19 17:02:11', '1', '2018-7-19 17:02:11');
INSERT INTO t_dicitem (FID, FCODE, FITEM, FVALUE, FORDER, FCREATER, FCREATE_DATE, FMODIFIER, FMODIFY_DATE) VALUES ('226749660486758400', 'maritalstatus', '20', '已婚', 1, '1', '2018-7-19 17:02:11', '1', '2018-7-19 17:02:11');
INSERT INTO t_dicitem (FID, FCODE, FITEM, FVALUE, FORDER, FCREATER, FCREATE_DATE, FMODIFIER, FMODIFY_DATE) VALUES ('226749660499341312', 'maritalstatus', '21', '初婚', 2, '1', '2018-7-19 17:02:11', '1', '2018-7-19 17:02:11');
INSERT INTO t_dicitem (FID, FCODE, FITEM, FVALUE, FORDER, FCREATER, FCREATE_DATE, FMODIFIER, FMODIFY_DATE) VALUES ('226749660524507136', 'maritalstatus', '22', '再婚', 3, '1', '2018-7-19 17:02:11', '1', '2018-7-19 17:02:11');
INSERT INTO t_dicitem (FID, FCODE, FITEM, FVALUE, FORDER, FCREATER, FCREATE_DATE, FMODIFIER, FMODIFY_DATE) VALUES ('226749660537090048', 'maritalstatus', '23', '复婚', 4, '1', '2018-7-19 17:02:11', '1', '2018-7-19 17:02:11');
INSERT INTO t_dicitem (FID, FCODE, FITEM, FVALUE, FORDER, FCREATER, FCREATE_DATE, FMODIFIER, FMODIFY_DATE) VALUES ('226749660549672960', 'maritalstatus', '30', '丧偶', 5, '1', '2018-7-19 17:02:11', '1', '2018-7-19 17:02:11');
INSERT INTO t_dicitem (FID, FCODE, FITEM, FVALUE, FORDER, FCREATER, FCREATE_DATE, FMODIFIER, FMODIFY_DATE) VALUES ('226749660562255872', 'maritalstatus', '40', '离婚', 6, '1', '2018-7-19 17:02:11', '1', '2018-7-19 17:02:11');
INSERT INTO t_dicitem (FID, FCODE, FITEM, FVALUE, FORDER, FCREATER, FCREATE_DATE, FMODIFIER, FMODIFY_DATE) VALUES ('226749660570644480', 'maritalstatus', '90', '未说明的婚姻状况', 7, '1', '2018-7-19 17:02:11', '1', '2018-7-19 17:02:11');
INSERT INTO t_dicitem (FID, FCODE, FITEM, FVALUE, FORDER, FCREATER, FCREATE_DATE, FMODIFIER, FMODIFY_DATE) VALUES ('226751029876682752', 'militaryservicestatus', '0', '未服兵役', 0, '1', '2018-7-19 17:07:38', '1', '2018-7-19 17:07:38');
INSERT INTO t_dicitem (FID, FCODE, FITEM, FVALUE, FORDER, FCREATER, FCREATE_DATE, FMODIFIER, FMODIFY_DATE) VALUES ('226751029889265664', 'militaryservicestatus', '1', '退出现役', 1, '1', '2018-7-19 17:07:38', '1', '2018-7-19 17:07:38');
INSERT INTO t_dicitem (FID, FCODE, FITEM, FVALUE, FORDER, FCREATER, FCREATE_DATE, FMODIFIER, FMODIFY_DATE) VALUES ('226751029901848576', 'militaryservicestatus', '2', '士兵预备役', 2, '1', '2018-7-19 17:07:38', '1', '2018-7-19 17:07:38');
INSERT INTO t_dicitem (FID, FCODE, FITEM, FVALUE, FORDER, FCREATER, FCREATE_DATE, FMODIFIER, FMODIFY_DATE) VALUES ('226751029918625792', 'militaryservicestatus', '3', '军官预备役', 3, '1', '2018-7-19 17:07:38', '1', '2018-7-19 17:07:38');
INSERT INTO t_dicitem (FID, FCODE, FITEM, FVALUE, FORDER, FCREATER, FCREATE_DATE, FMODIFIER, FMODIFY_DATE) VALUES ('226751029931208704', 'militaryservicestatus', '4', '服现役', 4, '1', '2018-7-19 17:07:38', '1', '2018-7-19 17:07:38');
INSERT INTO t_dicitem (FID, FCODE, FITEM, FVALUE, FORDER, FCREATER, FCREATE_DATE, FMODIFIER, FMODIFY_DATE) VALUES ('226751029947985920', 'militaryservicestatus', '9', '其他', 5, '1', '2018-7-19 17:07:38', '1', '2018-7-19 17:07:38');
INSERT INTO t_dicitem (FID, FCODE, FITEM, FVALUE, FORDER, FCREATER, FCREATE_DATE, FMODIFIER, FMODIFY_DATE) VALUES ('226769208501923840', 'relationto', '01', '本人', 0, '1', '2018-7-19 18:19:52', '1', '2018-7-19 18:19:52');
INSERT INTO t_dicitem (FID, FCODE, FITEM, FVALUE, FORDER, FCREATER, FCREATE_DATE, FMODIFIER, FMODIFY_DATE) VALUES ('226769208531283968', 'relationto', '02', '户主', 1, '1', '2018-7-19 18:19:52', '1', '2018-7-19 18:19:52');
INSERT INTO t_dicitem (FID, FCODE, FITEM, FVALUE, FORDER, FCREATER, FCREATE_DATE, FMODIFIER, FMODIFY_DATE) VALUES ('226769208552255488', 'relationto', '03', '小集体户主', 2, '1', '2018-7-19 18:19:52', '1', '2018-7-19 18:19:52');
INSERT INTO t_dicitem (FID, FCODE, FITEM, FVALUE, FORDER, FCREATER, FCREATE_DATE, FMODIFIER, FMODIFY_DATE) VALUES ('226769208573227008', 'relationto', '10', '配偶', 3, '1', '2018-7-19 18:19:52', '1', '2018-7-19 18:19:52');
INSERT INTO t_dicitem (FID, FCODE, FITEM, FVALUE, FORDER, FCREATER, FCREATE_DATE, FMODIFIER, FMODIFY_DATE) VALUES ('226769208606781440', 'relationto', '11', '夫', 4, '1', '2018-7-19 18:19:52', '1', '2018-7-19 18:19:52');
INSERT INTO t_dicitem (FID, FCODE, FITEM, FVALUE, FORDER, FCREATER, FCREATE_DATE, FMODIFIER, FMODIFY_DATE) VALUES ('226769208623558656', 'relationto', '12', '妻', 5, '1', '2018-7-19 18:19:52', '1', '2018-7-19 18:19:52');
INSERT INTO t_dicitem (FID, FCODE, FITEM, FVALUE, FORDER, FCREATER, FCREATE_DATE, FMODIFIER, FMODIFY_DATE) VALUES ('226769208640335872', 'relationto', '20', '子', 6, '1', '2018-7-19 18:19:52', '1', '2018-7-19 18:19:52');
INSERT INTO t_dicitem (FID, FCODE, FITEM, FVALUE, FORDER, FCREATER, FCREATE_DATE, FMODIFIER, FMODIFY_DATE) VALUES ('226769208661307392', 'relationto', '21', '独生子', 7, '1', '2018-7-19 18:19:52', '1', '2018-7-19 18:19:52');
INSERT INTO t_dicitem (FID, FCODE, FITEM, FVALUE, FORDER, FCREATER, FCREATE_DATE, FMODIFIER, FMODIFY_DATE) VALUES ('226769208678084608', 'relationto', '22', '长子', 8, '1', '2018-7-19 18:19:52', '1', '2018-7-19 18:19:52');
INSERT INTO t_dicitem (FID, FCODE, FITEM, FVALUE, FORDER, FCREATER, FCREATE_DATE, FMODIFIER, FMODIFY_DATE) VALUES ('226769208694861824', 'relationto', '23', '次子', 9, '1', '2018-7-19 18:19:52', '1', '2018-7-19 18:19:52');
INSERT INTO t_dicitem (FID, FCODE, FITEM, FVALUE, FORDER, FCREATER, FCREATE_DATE, FMODIFIER, FMODIFY_DATE) VALUES ('226769208715833344', 'relationto', '24', '三子', 10, '1', '2018-7-19 18:19:52', '1', '2018-7-19 18:19:52');
INSERT INTO t_dicitem (FID, FCODE, FITEM, FVALUE, FORDER, FCREATER, FCREATE_DATE, FMODIFIER, FMODIFY_DATE) VALUES ('226769208732610560', 'relationto', '25', '四子', 11, '1', '2018-7-19 18:19:52', '1', '2018-7-19 18:19:52');
INSERT INTO t_dicitem (FID, FCODE, FITEM, FVALUE, FORDER, FCREATER, FCREATE_DATE, FMODIFIER, FMODIFY_DATE) VALUES ('226769208749387776', 'relationto', '26', '五子', 12, '1', '2018-7-19 18:19:52', '1', '2018-7-19 18:19:52');
INSERT INTO t_dicitem (FID, FCODE, FITEM, FVALUE, FORDER, FCREATER, FCREATE_DATE, FMODIFIER, FMODIFY_DATE) VALUES ('226769208766164992', 'relationto', '27', '养子或继子', 13, '1', '2018-7-19 18:19:52', '1', '2018-7-19 18:19:52');
INSERT INTO t_dicitem (FID, FCODE, FITEM, FVALUE, FORDER, FCREATER, FCREATE_DATE, FMODIFIER, FMODIFY_DATE) VALUES ('226769208782942208', 'relationto', '28', '女婿', 14, '1', '2018-7-19 18:19:52', '1', '2018-7-19 18:19:52');
INSERT INTO t_dicitem (FID, FCODE, FITEM, FVALUE, FORDER, FCREATER, FCREATE_DATE, FMODIFIER, FMODIFY_DATE) VALUES ('226769208816496640', 'relationto', '29', '其他儿子', 15, '1', '2018-7-19 18:19:52', '1', '2018-7-19 18:19:52');
INSERT INTO t_dicitem (FID, FCODE, FITEM, FVALUE, FORDER, FCREATER, FCREATE_DATE, FMODIFIER, FMODIFY_DATE) VALUES ('226769208845856768', 'relationto', '30', '女', 16, '1', '2018-7-19 18:19:52', '1', '2018-7-19 18:19:52');
INSERT INTO t_dicitem (FID, FCODE, FITEM, FVALUE, FORDER, FCREATER, FCREATE_DATE, FMODIFIER, FMODIFY_DATE) VALUES ('226769208866828288', 'relationto', '31', '独生女', 17, '1', '2018-7-19 18:19:52', '1', '2018-7-19 18:19:52');
INSERT INTO t_dicitem (FID, FCODE, FITEM, FVALUE, FORDER, FCREATER, FCREATE_DATE, FMODIFIER, FMODIFY_DATE) VALUES ('226769208883605504', 'relationto', '32', '长女', 18, '1', '2018-7-19 18:19:52', '1', '2018-7-19 18:19:52');
INSERT INTO t_dicitem (FID, FCODE, FITEM, FVALUE, FORDER, FCREATER, FCREATE_DATE, FMODIFIER, FMODIFY_DATE) VALUES ('226769208896188416', 'relationto', '33', '二女', 19, '1', '2018-7-19 18:19:52', '1', '2018-7-19 18:19:52');
INSERT INTO t_dicitem (FID, FCODE, FITEM, FVALUE, FORDER, FCREATER, FCREATE_DATE, FMODIFIER, FMODIFY_DATE) VALUES ('226769208912965632', 'relationto', '34', '三女', 20, '1', '2018-7-19 18:19:52', '1', '2018-7-19 18:19:52');
INSERT INTO t_dicitem (FID, FCODE, FITEM, FVALUE, FORDER, FCREATER, FCREATE_DATE, FMODIFIER, FMODIFY_DATE) VALUES ('226769208929742848', 'relationto', '35', '四女', 21, '1', '2018-7-19 18:19:52', '1', '2018-7-19 18:19:52');
INSERT INTO t_dicitem (FID, FCODE, FITEM, FVALUE, FORDER, FCREATER, FCREATE_DATE, FMODIFIER, FMODIFY_DATE) VALUES ('226769208942325760', 'relationto', '36', '五女', 22, '1', '2018-7-19 18:19:52', '1', '2018-7-19 18:19:52');
INSERT INTO t_dicitem (FID, FCODE, FITEM, FVALUE, FORDER, FCREATER, FCREATE_DATE, FMODIFIER, FMODIFY_DATE) VALUES ('226769208959102976', 'relationto', '37', '养女', 23, '1', '2018-7-19 18:19:52', '1', '2018-7-19 18:19:52');
INSERT INTO t_dicitem (FID, FCODE, FITEM, FVALUE, FORDER, FCREATER, FCREATE_DATE, FMODIFIER, FMODIFY_DATE) VALUES ('226769208971685888', 'relationto', '38', '儿媳', 24, '1', '2018-7-19 18:19:52', '1', '2018-7-19 18:19:52');
INSERT INTO t_dicitem (FID, FCODE, FITEM, FVALUE, FORDER, FCREATER, FCREATE_DATE, FMODIFIER, FMODIFY_DATE) VALUES ('226769208992657408', 'relationto', '39', '其他女儿', 25, '1', '2018-7-19 18:19:52', '1', '2018-7-19 18:19:52');
INSERT INTO t_dicitem (FID, FCODE, FITEM, FVALUE, FORDER, FCREATER, FCREATE_DATE, FMODIFIER, FMODIFY_DATE) VALUES ('226769209005240320', 'relationto', '40', '孙子、孙女或外孙子、外孙女', 26, '1', '2018-7-19 18:19:52', '1', '2018-7-19 18:19:52');
INSERT INTO t_dicitem (FID, FCODE, FITEM, FVALUE, FORDER, FCREATER, FCREATE_DATE, FMODIFIER, FMODIFY_DATE) VALUES ('226769209026211840', 'relationto', '41', '孙子', 27, '1', '2018-7-19 18:19:52', '1', '2018-7-19 18:19:52');
INSERT INTO t_dicitem (FID, FCODE, FITEM, FVALUE, FORDER, FCREATER, FCREATE_DATE, FMODIFIER, FMODIFY_DATE) VALUES ('226769209038794752', 'relationto', '42', '孙女', 28, '1', '2018-7-19 18:19:52', '1', '2018-7-19 18:19:52');
INSERT INTO t_dicitem (FID, FCODE, FITEM, FVALUE, FORDER, FCREATER, FCREATE_DATE, FMODIFIER, FMODIFY_DATE) VALUES ('226769209055571968', 'relationto', '43', '外孙子', 29, '1', '2018-7-19 18:19:52', '1', '2018-7-19 18:19:52');
INSERT INTO t_dicitem (FID, FCODE, FITEM, FVALUE, FORDER, FCREATER, FCREATE_DATE, FMODIFIER, FMODIFY_DATE) VALUES ('226769209072349184', 'relationto', '44', '外孙女', 30, '1', '2018-7-19 18:19:52', '1', '2018-7-19 18:19:52');
INSERT INTO t_dicitem (FID, FCODE, FITEM, FVALUE, FORDER, FCREATER, FCREATE_DATE, FMODIFIER, FMODIFY_DATE) VALUES ('226769209097515008', 'relationto', '45', '孙媳妇或外孙媳妇', 31, '1', '2018-7-19 18:19:52', '1', '2018-7-19 18:19:52');
INSERT INTO t_dicitem (FID, FCODE, FITEM, FVALUE, FORDER, FCREATER, FCREATE_DATE, FMODIFIER, FMODIFY_DATE) VALUES ('226769209110097920', 'relationto', '46', '孙女婿或外孙女婿', 32, '1', '2018-7-19 18:19:52', '1', '2018-7-19 18:19:52');
INSERT INTO t_dicitem (FID, FCODE, FITEM, FVALUE, FORDER, FCREATER, FCREATE_DATE, FMODIFIER, FMODIFY_DATE) VALUES ('226769209126875136', 'relationto', '47', '曾孙子或曾外孙子', 33, '1', '2018-7-19 18:19:52', '1', '2018-7-19 18:19:52');
INSERT INTO t_dicitem (FID, FCODE, FITEM, FVALUE, FORDER, FCREATER, FCREATE_DATE, FMODIFIER, FMODIFY_DATE) VALUES ('226769209143652352', 'relationto', '48', '曾孙女或曾外孙女', 34, '1', '2018-7-19 18:19:52', '1', '2018-7-19 18:19:52');
INSERT INTO t_dicitem (FID, FCODE, FITEM, FVALUE, FORDER, FCREATER, FCREATE_DATE, FMODIFIER, FMODIFY_DATE) VALUES ('226769209156235264', 'relationto', '49', '其他孙子或外孙子', 35, '1', '2018-7-19 18:19:52', '1', '2018-7-19 18:19:52');
INSERT INTO t_dicitem (FID, FCODE, FITEM, FVALUE, FORDER, FCREATER, FCREATE_DATE, FMODIFIER, FMODIFY_DATE) VALUES ('226769209173012480', 'relationto', '50', '父母', 36, '1', '2018-7-19 18:19:52', '1', '2018-7-19 18:19:52');
INSERT INTO t_dicitem (FID, FCODE, FITEM, FVALUE, FORDER, FCREATER, FCREATE_DATE, FMODIFIER, FMODIFY_DATE) VALUES ('226769209181401088', 'relationto', '51', '父亲', 37, '1', '2018-7-19 18:19:52', '1', '2018-7-19 18:19:52');
INSERT INTO t_dicitem (FID, FCODE, FITEM, FVALUE, FORDER, FCREATER, FCREATE_DATE, FMODIFIER, FMODIFY_DATE) VALUES ('226769209198178304', 'relationto', '52', '母亲', 38, '1', '2018-7-19 18:19:52', '1', '2018-7-19 18:19:52');
INSERT INTO t_dicitem (FID, FCODE, FITEM, FVALUE, FORDER, FCREATER, FCREATE_DATE, FMODIFIER, FMODIFY_DATE) VALUES ('226769209244315648', 'relationto', '53', '公公', 39, '1', '2018-7-19 18:19:52', '1', '2018-7-19 18:19:52');
INSERT INTO t_dicitem (FID, FCODE, FITEM, FVALUE, FORDER, FCREATER, FCREATE_DATE, FMODIFIER, FMODIFY_DATE) VALUES ('226769209265287168', 'relationto', '54', '婆婆', 40, '1', '2018-7-19 18:19:52', '1', '2018-7-19 18:19:52');
INSERT INTO t_dicitem (FID, FCODE, FITEM, FVALUE, FORDER, FCREATER, FCREATE_DATE, FMODIFIER, FMODIFY_DATE) VALUES ('226769209286258688', 'relationto', '55', '岳父', 41, '1', '2018-7-19 18:19:52', '1', '2018-7-19 18:19:52');
INSERT INTO t_dicitem (FID, FCODE, FITEM, FVALUE, FORDER, FCREATER, FCREATE_DATE, FMODIFIER, FMODIFY_DATE) VALUES ('226769209307230208', 'relationto', '56', '岳母', 42, '1', '2018-7-19 18:19:52', '1', '2018-7-19 18:19:52');
INSERT INTO t_dicitem (FID, FCODE, FITEM, FVALUE, FORDER, FCREATER, FCREATE_DATE, FMODIFIER, FMODIFY_DATE) VALUES ('226769209324007424', 'relationto', '57', '养父或继父', 43, '1', '2018-7-19 18:19:52', '1', '2018-7-19 18:19:52');
INSERT INTO t_dicitem (FID, FCODE, FITEM, FVALUE, FORDER, FCREATER, FCREATE_DATE, FMODIFIER, FMODIFY_DATE) VALUES ('226769209336590336', 'relationto', '58', '继母或养母', 44, '1', '2018-7-19 18:19:52', '1', '2018-7-19 18:19:52');
INSERT INTO t_dicitem (FID, FCODE, FITEM, FVALUE, FORDER, FCREATER, FCREATE_DATE, FMODIFIER, FMODIFY_DATE) VALUES ('226769209349173248', 'relationto', '59', '其他父母关系', 45, '1', '2018-7-19 18:19:52', '1', '2018-7-19 18:19:52');
INSERT INTO t_dicitem (FID, FCODE, FITEM, FVALUE, FORDER, FCREATER, FCREATE_DATE, FMODIFIER, FMODIFY_DATE) VALUES ('226769209365950464', 'relationto', '60', '祖母或外祖母', 46, '1', '2018-7-19 18:19:52', '1', '2018-7-19 18:19:52');
INSERT INTO t_dicitem (FID, FCODE, FITEM, FVALUE, FORDER, FCREATER, FCREATE_DATE, FMODIFIER, FMODIFY_DATE) VALUES ('226769209378533376', 'relationto', '61', '祖父', 47, '1', '2018-7-19 18:19:52', '1', '2018-7-19 18:19:52');
INSERT INTO t_dicitem (FID, FCODE, FITEM, FVALUE, FORDER, FCREATER, FCREATE_DATE, FMODIFIER, FMODIFY_DATE) VALUES ('226769209395310592', 'relationto', '62', '祖母', 48, '1', '2018-7-19 18:19:52', '1', '2018-7-19 18:19:52');
INSERT INTO t_dicitem (FID, FCODE, FITEM, FVALUE, FORDER, FCREATER, FCREATE_DATE, FMODIFIER, FMODIFY_DATE) VALUES ('226769209412087808', 'relationto', '63', '外祖父', 49, '1', '2018-7-19 18:19:52', '1', '2018-7-19 18:19:52');
INSERT INTO t_dicitem (FID, FCODE, FITEM, FVALUE, FORDER, FCREATER, FCREATE_DATE, FMODIFIER, FMODIFY_DATE) VALUES ('226769209428865024', 'relationto', '64', '外祖母', 50, '1', '2018-7-19 18:19:52', '1', '2018-7-19 18:19:52');
INSERT INTO t_dicitem (FID, FCODE, FITEM, FVALUE, FORDER, FCREATER, FCREATE_DATE, FMODIFIER, FMODIFY_DATE) VALUES ('226769209445642240', 'relationto', '65', '配偶的祖父母或外祖父母', 51, '1', '2018-7-19 18:19:52', '1', '2018-7-19 18:19:52');
INSERT INTO t_dicitem (FID, FCODE, FITEM, FVALUE, FORDER, FCREATER, FCREATE_DATE, FMODIFIER, FMODIFY_DATE) VALUES ('226769209462419456', 'relationto', '66', '曾祖父', 52, '1', '2018-7-19 18:19:52', '1', '2018-7-19 18:19:52');
INSERT INTO t_dicitem (FID, FCODE, FITEM, FVALUE, FORDER, FCREATER, FCREATE_DATE, FMODIFIER, FMODIFY_DATE) VALUES ('226769209475002368', 'relationto', '67', '曾祖母', 53, '1', '2018-7-19 18:19:52', '1', '2018-7-19 18:19:52');
INSERT INTO t_dicitem (FID, FCODE, FITEM, FVALUE, FORDER, FCREATER, FCREATE_DATE, FMODIFIER, FMODIFY_DATE) VALUES ('226769209495973888', 'relationto', '68', '配偶的曾祖父母', 54, '1', '2018-7-19 18:19:52', '1', '2018-7-19 18:19:52');
INSERT INTO t_dicitem (FID, FCODE, FITEM, FVALUE, FORDER, FCREATER, FCREATE_DATE, FMODIFIER, FMODIFY_DATE) VALUES ('226769209508556800', 'relationto', '69', '其他祖父母或外祖父母关系', 55, '1', '2018-7-19 18:19:52', '1', '2018-7-19 18:19:52');
INSERT INTO t_dicitem (FID, FCODE, FITEM, FVALUE, FORDER, FCREATER, FCREATE_DATE, FMODIFIER, FMODIFY_DATE) VALUES ('226769209521139712', 'relationto', '70', '兄弟姐妹', 56, '1', '2018-7-19 18:19:52', '1', '2018-7-19 18:19:52');
INSERT INTO t_dicitem (FID, FCODE, FITEM, FVALUE, FORDER, FCREATER, FCREATE_DATE, FMODIFIER, FMODIFY_DATE) VALUES ('226769209533722624', 'relationto', '71', '兄', 57, '1', '2018-7-19 18:19:52', '1', '2018-7-19 18:19:52');
INSERT INTO t_dicitem (FID, FCODE, FITEM, FVALUE, FORDER, FCREATER, FCREATE_DATE, FMODIFIER, FMODIFY_DATE) VALUES ('226769209546305536', 'relationto', '72', '嫂', 58, '1', '2018-7-19 18:19:52', '1', '2018-7-19 18:19:52');
INSERT INTO t_dicitem (FID, FCODE, FITEM, FVALUE, FORDER, FCREATER, FCREATE_DATE, FMODIFIER, FMODIFY_DATE) VALUES ('226769209558888448', 'relationto', '73', '弟', 59, '1', '2018-7-19 18:19:52', '1', '2018-7-19 18:19:52');
INSERT INTO t_dicitem (FID, FCODE, FITEM, FVALUE, FORDER, FCREATER, FCREATE_DATE, FMODIFIER, FMODIFY_DATE) VALUES ('226769209575665664', 'relationto', '74', '弟媳', 60, '1', '2018-7-19 18:19:52', '1', '2018-7-19 18:19:52');
INSERT INTO t_dicitem (FID, FCODE, FITEM, FVALUE, FORDER, FCREATER, FCREATE_DATE, FMODIFIER, FMODIFY_DATE) VALUES ('226769209588248576', 'relationto', '75', '姐姐', 61, '1', '2018-7-19 18:19:52', '1', '2018-7-19 18:19:52');
INSERT INTO t_dicitem (FID, FCODE, FITEM, FVALUE, FORDER, FCREATER, FCREATE_DATE, FMODIFIER, FMODIFY_DATE) VALUES ('226769209600831488', 'relationto', '76', '姐夫', 62, '1', '2018-7-19 18:19:52', '1', '2018-7-19 18:19:52');
INSERT INTO t_dicitem (FID, FCODE, FITEM, FVALUE, FORDER, FCREATER, FCREATE_DATE, FMODIFIER, FMODIFY_DATE) VALUES ('226769209625997312', 'relationto', '77', '妹妹', 63, '1', '2018-7-19 18:19:52', '1', '2018-7-19 18:19:52');
INSERT INTO t_dicitem (FID, FCODE, FITEM, FVALUE, FORDER, FCREATER, FCREATE_DATE, FMODIFIER, FMODIFY_DATE) VALUES ('226769209638580224', 'relationto', '78', '妹夫', 64, '1', '2018-7-19 18:19:52', '1', '2018-7-19 18:19:52');
INSERT INTO t_dicitem (FID, FCODE, FITEM, FVALUE, FORDER, FCREATER, FCREATE_DATE, FMODIFIER, FMODIFY_DATE) VALUES ('226769209651163136', 'relationto', '79', '其它兄弟姐妹', 65, '1', '2018-7-19 18:19:52', '1', '2018-7-19 18:19:52');
INSERT INTO t_dicitem (FID, FCODE, FITEM, FVALUE, FORDER, FCREATER, FCREATE_DATE, FMODIFIER, FMODIFY_DATE) VALUES ('226769209659551744', 'relationto', '81', '伯父', 66, '1', '2018-7-19 18:19:52', '1', '2018-7-19 18:19:52');
INSERT INTO t_dicitem (FID, FCODE, FITEM, FVALUE, FORDER, FCREATER, FCREATE_DATE, FMODIFIER, FMODIFY_DATE) VALUES ('226769209672134656', 'relationto', '82', '伯母', 67, '1', '2018-7-19 18:19:52', '1', '2018-7-19 18:19:52');
INSERT INTO t_dicitem (FID, FCODE, FITEM, FVALUE, FORDER, FCREATER, FCREATE_DATE, FMODIFIER, FMODIFY_DATE) VALUES ('226769209688911872', 'relationto', '83', '叔父', 68, '1', '2018-7-19 18:19:52', '1', '2018-7-19 18:19:52');
INSERT INTO t_dicitem (FID, FCODE, FITEM, FVALUE, FORDER, FCREATER, FCREATE_DATE, FMODIFIER, FMODIFY_DATE) VALUES ('226769209701494784', 'relationto', '84', '婶母', 69, '1', '2018-7-19 18:19:52', '1', '2018-7-19 18:19:52');
INSERT INTO t_dicitem (FID, FCODE, FITEM, FVALUE, FORDER, FCREATER, FCREATE_DATE, FMODIFIER, FMODIFY_DATE) VALUES ('226769209718272000', 'relationto', '85', '舅父', 70, '1', '2018-7-19 18:19:52', '1', '2018-7-19 18:19:52');
INSERT INTO t_dicitem (FID, FCODE, FITEM, FVALUE, FORDER, FCREATER, FCREATE_DATE, FMODIFIER, FMODIFY_DATE) VALUES ('226769209730854912', 'relationto', '86', '舅母', 71, '1', '2018-7-19 18:19:52', '1', '2018-7-19 18:19:52');
INSERT INTO t_dicitem (FID, FCODE, FITEM, FVALUE, FORDER, FCREATER, FCREATE_DATE, FMODIFIER, FMODIFY_DATE) VALUES ('226769209743437824', 'relationto', '87', '姨父', 72, '1', '2018-7-19 18:19:52', '1', '2018-7-19 18:19:52');
INSERT INTO t_dicitem (FID, FCODE, FITEM, FVALUE, FORDER, FCREATER, FCREATE_DATE, FMODIFIER, FMODIFY_DATE) VALUES ('226769209756020736', 'relationto', '88', '姨母', 73, '1', '2018-7-19 18:19:52', '1', '2018-7-19 18:19:52');
INSERT INTO t_dicitem (FID, FCODE, FITEM, FVALUE, FORDER, FCREATER, FCREATE_DATE, FMODIFIER, FMODIFY_DATE) VALUES ('226769209772797952', 'relationto', '89', '姑父', 74, '1', '2018-7-19 18:19:52', '1', '2018-7-19 18:19:52');
INSERT INTO t_dicitem (FID, FCODE, FITEM, FVALUE, FORDER, FCREATER, FCREATE_DATE, FMODIFIER, FMODIFY_DATE) VALUES ('226769209785380864', 'relationto', '90', '姑母', 75, '1', '2018-7-19 18:19:52', '1', '2018-7-19 18:19:52');
INSERT INTO t_dicitem (FID, FCODE, FITEM, FVALUE, FORDER, FCREATER, FCREATE_DATE, FMODIFIER, FMODIFY_DATE) VALUES ('226769209797963776', 'relationto', '91', '堂兄弟(姐妹)', 76, '1', '2018-7-19 18:19:52', '1', '2018-7-19 18:19:52');
INSERT INTO t_dicitem (FID, FCODE, FITEM, FVALUE, FORDER, FCREATER, FCREATE_DATE, FMODIFIER, FMODIFY_DATE) VALUES ('226769209814740992', 'relationto', '92', '表兄弟(姐妹)', 77, '1', '2018-7-19 18:19:52', '1', '2018-7-19 18:19:52');
INSERT INTO t_dicitem (FID, FCODE, FITEM, FVALUE, FORDER, FCREATER, FCREATE_DATE, FMODIFIER, FMODIFY_DATE) VALUES ('226769209831518208', 'relationto', '93', '侄子', 78, '1', '2018-7-19 18:19:52', '1', '2018-7-19 18:19:52');
INSERT INTO t_dicitem (FID, FCODE, FITEM, FVALUE, FORDER, FCREATER, FCREATE_DATE, FMODIFIER, FMODIFY_DATE) VALUES ('226769209844101120', 'relationto', '94', '侄女', 79, '1', '2018-7-19 18:19:52', '1', '2018-7-19 18:19:52');
INSERT INTO t_dicitem (FID, FCODE, FITEM, FVALUE, FORDER, FCREATER, FCREATE_DATE, FMODIFIER, FMODIFY_DATE) VALUES ('226769209856684032', 'relationto', '95', '外甥', 80, '1', '2018-7-19 18:19:52', '1', '2018-7-19 18:19:52');
INSERT INTO t_dicitem (FID, FCODE, FITEM, FVALUE, FORDER, FCREATER, FCREATE_DATE, FMODIFIER, FMODIFY_DATE) VALUES ('226769209873461248', 'relationto', '96', '外甥女', 81, '1', '2018-7-19 18:19:52', '1', '2018-7-19 18:19:52');
INSERT INTO t_dicitem (FID, FCODE, FITEM, FVALUE, FORDER, FCREATER, FCREATE_DATE, FMODIFIER, FMODIFY_DATE) VALUES ('226769209890238464', 'relationto', '97', '其他亲属', 82, '1', '2018-7-19 18:19:52', '1', '2018-7-19 18:19:52');
INSERT INTO t_dicitem (FID, FCODE, FITEM, FVALUE, FORDER, FCREATER, FCREATE_DATE, FMODIFIER, FMODIFY_DATE) VALUES ('226769209902821376', 'relationto', '98', '保姆', 83, '1', '2018-7-19 18:19:52', '1', '2018-7-19 18:19:52');
INSERT INTO t_dicitem (FID, FCODE, FITEM, FVALUE, FORDER, FCREATER, FCREATE_DATE, FMODIFIER, FMODIFY_DATE) VALUES ('226769209919598592', 'relationto', '99', '非亲属', 84, '1', '2018-7-19 18:19:52', '1', '2018-7-19 18:19:52');


INSERT INTO t_function (FID, FNAME, FDESC, FPARAMSIZE, FIS_SYSTEM, FCREATER, FCREATE_DATE, FMODIFIER, FMODIFY_DATE) VALUES ('1', 'dx_substr', '参数：2个。列序号不需要填写，程序自动生成。“空”以“NULL”字符串表示。\r\n举例：\r\n[dx_substr]  [2|5]  column X的value为“dataxTest”=>\"taxTe\"; \r\n[dx_substr]  [5|10]  column X的value为“dataxTest”=>\"Test\"\r\n\r\n官方参数：3个, \r\n第一个参数：字段编号，对应record中第几个字段。\r\n第二个参数：字段值的开始位置。\r\n第三个参数：目标字段长度。\r\n返回：从字符串的指定位置（包含）截取指定长度的字符串。如果开始位置非法抛出异常。如果字段为空值，直接返回（即不参与本transformer）. \r\n举例：\r\ndx_substr(1,\"2\",\"5\")  column 1的value为“dataxTest”=>\"taxTe\"; \r\ndx_substr(1,\"5\",\"10\")  column 1的value为“dataxTest”=>\"Test\"', 2, '1', '1', '2018-7-18 16:26:44', '1', '2018-7-18 16:26:44');
INSERT INTO t_function (FID, FNAME, FDESC, FPARAMSIZE, FIS_SYSTEM, FCREATER, FCREATE_DATE, FMODIFIER, FMODIFY_DATE) VALUES ('2', 'dx_pad', '参数：3个。列序号不需要填写，程序自动生成。“空”以“NULL”字符串表示。\r\n举例：\r\n[dx_pad]  [l4|A]  如果column X 的值为 xyz=> Axyz， 值为 xyzzzzz => xyzz; \r\n[dx_pad]  [r|4|A]  如果column X 的值为 xyz=> xyzA， 值为 xyzzzzz => xyzz\r\n\r\n官方参数：4个, \r\n第一个参数：字段编号，对应record中第几个字段。\r\n第二个参数：\"l\",\"r\", 指示是在头进行pad，还是尾进行pad。\r\n第三个参数：目标字段长度。\r\n第四个参数：需要pad的字符。\r\n返回： 如果源字符串长度小于目标字段长度，按照位置添加pad字符后返回。如果长于，直接截断（都截右边）。如果字段为空值，转换为空字符串进行pad，即最后的字符串全是需要pad的字符.\r\n举例：\r\ndx_pad(1,\"l\",\"4\",\"A\"), 如果column 1 的值为 xyz=> Axyz， 值为 xyzzzzz => xyzz; \r\ndx_pad(1,\"r\",\"4\",\"A\"), 如果column 1 的值为 xyz=> xyzA， 值为 xyzzzzz => xyzz', 3, '1', '1', '2018-7-18 16:38:45', '1', '2018-7-18 16:38:45');
INSERT INTO t_function (FID, FNAME, FDESC, FPARAMSIZE, FIS_SYSTEM, FCREATER, FCREATE_DATE, FMODIFIER, FMODIFY_DATE) VALUES ('3', 'dx_replace', '参数：3个。列序号不需要填写，程序自动生成。“空”以“NULL”字符串表示。\r\n举例：\r\n[dx_replace]  [2|4|****]  column X的value为“dataxTest”=>\"da****est\";\r\n[dx_replace]  [5|10|****]  column X的value为“dataxTest”=>\"data****\"\r\n\r\n官方参数：4个,\r\n第一个参数：字段编号，对应record中第几个字段。\r\n第二个参数：字段值的开始位置。\r\n第三个参数：需要替换的字段长度。\r\n第四个参数：需要替换的字符串。\r\n返回： 从字符串的指定位置（包含）替换指定长度的字符串。如果开始位置非法抛出异常。如果字段为空值，直接返回（即不参与本transformer）\r\n举例：\r\ndx_replace(1,\"2\",\"4\",\"****\")  column 1的value为“dataxTest”=>\"da****est\";\r\ndx_replace(1,\"5\",\"10\",\"****\")  column 1的value为“dataxTest”=>\"data****\"', 3, '1', '1', '2018-7-18 16:46:26', '1', '2018-7-18 16:46:26');
INSERT INTO t_function (FID, FNAME, FDESC, FPARAMSIZE, FIS_SYSTEM, FCREATER, FCREATE_DATE, FMODIFIER, FMODIFY_DATE) VALUES ('4', 'dx_filter', '参数：2个。列序号不需要填写，程序自动生成。“空”以“NULL”字符串表示。\r\n举例：\r\n[dx_filter]  [like|dataTest] \r\n[dx_filter]  [>=|10]\r\n\r\n官方参数：3个,\r\n第一个参数：字段编号，对应record中第几个字段。\r\n第二个参数：运算符，支持一下运算符：like, not like, >, =, <, >=, !=, <=\r\n第三个参数：正则表达式（java正则表达式）、值。\r\n返回：\r\n(1). 如果匹配正则表达式，返回Null，表示过滤该行。不匹配表达式时，表示保留该行。（注意是该行）。对于>=<都是对字段直接compare的结果.\r\n(2). like, not like是将字段转换成String，然后和目标正则表达式进行全匹配。(, =, <, >=, !=, <= 对于DoubleColumn比较double值，对于LongColumn和DateColumn比较long值，其他StringColumn，BooleanColumn以及ByteColumn均比较的是StringColumn值。)\r\n(3). 如果目标colunn为空（null）,对于 = null的过滤条件，将满足条件，被过滤。！=null的过滤条件，null不满足过滤条件，不被过滤。 like，字段为null不满足条件，不被过滤，和not like，字段为null满足条件，被过滤。\r\n举例：\r\ndx_filter(1,\"like\",\"dataTest\")  \r\ndx_filter(1,\">=\",\"10\")  \r\n注意：（关联filter暂不支持，即多个字段的联合判断，函参太过复杂，用户难以使用。）', 2, '1', '1', '2018-7-18 16:51:44', '1', '2018-7-18 16:51:44');
INSERT INTO t_function (FID, FNAME, FDESC, FPARAMSIZE, FIS_SYSTEM, FCREATER, FCREATE_DATE, FMODIFIER, FMODIFY_DATE) VALUES ('5', 'dx_groovy', '参数：2个。第二个参数是一个String类型的List(可以为空)，List元素之间以英文逗号分隔。“空”以“NULL”字符串表示。\r\n举例：\r\n[dx_groovy]  [//groovy code//|import somePackage1;,import somePackage2;] \r\n\r\n官方参数：2个,\r\n第一个参数： groovy code\r\n第二个参数（列表或者为空）：extraPackage\r\n备注：\r\ndx_groovy只能调用一次。不能多次调用。\r\ngroovy code中支持java.lang, java.util的包，可直接引用的对象有record，以及element下的各种column（BoolColumn.class,BytesColumn.class,DateColumn.class,DoubleColumn.class,LongColumn.class,StringColumn.class）。不支持其他包，如果用户有需要用到其他包，可设置extraPackage，注意extraPackage不支持第三方jar包。\r\ngroovy code中，返回更新过的Record（比如record.setColumn(columnIndex, new StringColumn(newValue));），或者null。返回null表示过滤此行。\r\n用户可以直接调用静态的Util方式（GroovyTransformerStaticUtil），目前GroovyTransformerStaticUtil的方法列表 (按需补充)：\r\n举例:\r\ngroovy 实现的subStr:\r\n        String code = \"Column column = record.getColumn(1);\\n\" +\r\n                \" String oriValue = column.asString();\\n\" +\r\n                \" String newValue = oriValue.substring(0, 3);\\n\" +\r\n                \" record.setColumn(1, new StringColumn(newValue));\\n\" +\r\n                \" return record;\";\r\n        dx_groovy(record);\r\ngroovy 实现的Replace:\r\nString code2 = \"Column column = record.getColumn(1);\\n\" +\r\n                \" String oriValue = column.asString();\\n\" +\r\n                \" String newValue = \\\"****\\\" + oriValue.substring(3, oriValue.length());\\n\" +\r\n                \" record.setColumn(1, new StringColumn(newValue));\\n\" +\r\n                \" return record;\";', 2, '1', '1', '2018-7-18 17:04:14', '1', '2018-7-18 17:04:14');
INSERT INTO t_function (FID, FNAME, FDESC, FPARAMSIZE, FIS_SYSTEM, FCREATER, FCREATE_DATE, FMODIFIER, FMODIFY_DATE) VALUES ('6', 'dx_longdateformat', '参数：1个。列序号不需要填写，程序自动生成。“空”以“NULL”字符串表示。\r\n举例：\r\n[dx_longdateformat]  [yyyy-MM-dd HH:mm:ss]  column X的value为“1531982071481”=>\"2018-07-19 14:34:31\"; \r\n[dx_longdateformat]  [yyyy-MM-dd]  column X的value为“1531982071481”=>\"2018-07-19\"\r\n\r\n官方参数：2个, \r\n第一个参数：字段编号，对应record中第几个字段。\r\n第二个参数：日期long字段转成字符串的pattern, 如“yyyy-MM-dd HH:mm:ss”。\r\n返回：日期字符串。如果开始位置非法抛出异常。如果字段为空值，直接返回（即不参与本transformer）. \r\n举例：\r\ndx_longdateformat(1,\"yyyy-MM-dd HH:mm:ss\")  column 1的value为“1531982071481”=>\"2018-07-19 14:34:31\"; \r\ndx_longdateformat(1,\"yyyy-MM-dd\")  column 1的value为“1531982071481”=>\"2018-07-19\"', 1, '1', '1', '2018-7-19 14:25:26', '1', '2018-7-19 14:25:26');
INSERT INTO t_function (FID, FNAME, FDESC, FPARAMSIZE, FIS_SYSTEM, FCREATER, FCREATE_DATE, FMODIFIER, FMODIFY_DATE) VALUES ('7', 'dx_dic', '参数：1个。列序号不需要填写，程序自动生成。“空”以“NULL”字符串表示。\r\n举例：\r\n[dx_dic]  [sex]  column X的value为“1”=>\"男\"; \r\n[dx_dic]  [nation]  column X的value为“1”=>\"男\"; \r\n\r\n官方参数：2个, \r\n第一个参数：字段编号，对应record中第几个字段。\r\n第二个参数：数据字典名称，对应的数据连接器数据库表“t_dic”中的“fcode”字段。\r\n返回：对应字典值。如果开始位置非法抛出异常。如果字段为空值，直接返回（即不参与本transformer）. \r\n举例：\r\ndx_dic(1,\"sex\")  column 1的value为“1”=>\"男\"; \r\ndx_dic(1,\"nation\")  column 1的value为“001”=>\"汉族\"', 1, '1', '1', '2018-7-19 14:36:40', '1', '2018-7-19 14:36:40');
INSERT INTO t_function (FID, FNAME, FDESC, FPARAMSIZE, FIS_SYSTEM, FCREATER, FCREATE_DATE, FMODIFIER, FMODIFY_DATE) VALUES ('8', 'dx_idcardformat', '参数：0个。列序号不需要填写，程序自动生成。\r\n举例：\r\n[dx_idcardformat]  column X的value为“2232332730204301”=>\"2232332197302043019\"; \r\n[dx_idcardformat]  column X的value为“232332199402142144”=>\"232332199402142144\"\r\n[dx_idcardformat]  column X的value为“1234567”=>\"1234567\"\r\n\r\n官方参数：1个, \r\n第一个参数：字段编号，对应record中第几个字段。\r\n返回：格式化后的身份证。如果开始位置非法抛出异常。如果字段为空值，直接返回（即不参与本transformer）. \r\n举例：\r\ndx_idcardformat(1)  column 1的value为“2232332730204301”=>\"2232332197302043019\"; \r\ndx_idcardformat(1)  column 1的value为“232332199402142144”=>\"232332199402142144\";\r\ndx_idcardformat(1)  column 1的value为“1234567”=>\"1234567\"', 0, '1', '1', '2018-8-13 16:58:34', '1', '2018-8-13 16:58:37');
INSERT INTO t_function (FID, FNAME, FDESC, FPARAMSIZE, FIS_SYSTEM, FCREATER, FCREATE_DATE, FMODIFIER, FMODIFY_DATE) VALUES ('9', 'dx_nullformat', '参数：1个。列序号不需要填写，程序自动生成。\r\n举例：\r\n[dx_nullformat]  [NULL]  column X的value为“”或null => \"NULL\"; \r\n[dx_nullformat]  [N/A]  column X的value为“”或null => \"N/A\"\r\n\r\n官方参数：2个, \r\n第一个参数：字段编号，对应record中第几个字段。\r\n第二个参数：“空”字段转成替代的字符串, 如“NULL”。\r\n返回：替换后的字符串。如果开始位置非法抛出异常。\r\n举例：\r\ndx_nullformat(1,\"NULL\")  column 1的value为null或\"\" => \"NULL\"; \r\ndx_nullformat(1,\"N/A\")  column 1的value为null或\"\" => \"N/A\"', 1, '1', '1', '2018-8-13 17:05:01', '1', '2018-8-13 17:05:04');
INSERT INTO t_function (FID, FNAME, FDESC, FPARAMSIZE, FIS_SYSTEM, FCREATER, FCREATE_DATE, FMODIFIER, FMODIFY_DATE) VALUES ('10', 'dx_tyidjsonformat', '参数：1个。列序号不需要填写，程序自动生成。\n举例：\n[dx_tyidjsonformat]  [ty001]  column X的value为“320106197403302426”=>{\"id\":\"ty001\", \"key\":\"320106197403302426\"}; \n[dx_tyidjsonformat]  [ty008]  column X的value为“苏JAY888”=> {\"id\":\"ty008\", \"key\":\"苏JAY888\"}\n\n官方参数：2个, \n第一个参数：字段编号，对应record中第几个字段。\n第二个参数：tyid编号。\n返回：符合tyid固定格式的json字符串。如果字段为空值，直接返回（即不参与本transformer）. \n举例：\ndx_tyidjsonformat(1,\"ty001\")  column 1的value为“320106197403302426”=>{\"id\":\"ty001\", \"key\":\"320106197403302426\"}; \ndx_tyidjsonformat(1,\"ty008\")  column 1的value为“苏JAY888”=>{\"id\":\"ty008\", \"key\":\"苏JAY888\"}', 1, '1', '1', '2018-8-24 16:04:33', '1', '2018-8-24 16:04:33');
INSERT INTO t_function (FID, FNAME, FDESC, FPARAMSIZE, FIS_SYSTEM, FCREATER, FCREATE_DATE, FMODIFIER, FMODIFY_DATE) VALUES ('11', 'dx_replacestr', '参数：2个。列序号不需要填写，程序自动生成。\n举例：\n[dx_replacestr]  [人民   ****]  column X的value为“非洲人民在哪里”=>\"非洲在哪里\"\n[dx_replacestr]  [DD  ]  column X的value为“DataxDD”=>\"Datax\"\n[dx_replacestr]  [AA|BB|CC   ****]  column X的value为“DataxAAisBBnotCCMM”=>\"Datax****is****not****MM\"\n\n官方参数：3个,\n第一个参数：字段编号，对应record中第几个字段。\n第二个参数：需要替换的字符串，支持以英文竖线分割，此时会按竖线切分，分别替换目标字符串。\n第三个参数：需要替换的字符串。\n返回： 将目标字符串按照指定的格式替换成指定的字符串。如果字段为空值，直接返回（即不参与本transformer）\n举例：\ndx_replacestr(1,\"人民\",\"****\")  column 1的value为“非洲人民在哪里”=>\"非洲在哪里\";\ndx_replacestr(1,\"DD\",\"\")  column 1的value为“DataxDD”=>\"Datax\";\ndx_replacestr(1,\"AA|BB|CC\",\"****\")  column 1的value为“DataxAAisBBnotCCMM”=>\"Datax****is****not****MM\"', 2, '1', '1', '2018-8-24 16:13:40', '1', '2018-8-24 16:13:40');


INSERT INTO t_function_param (FID, F_FUNCID, FPARAMTYPE, FPARAMORDER, FCREATER, FCREATE_DATE, FMODIFIER, FMODIFY_DATE) VALUES ('226705357865545729', '1', 'java.lang.String', 1, '1', '2018-7-18 16:26:44', '1', '2018-7-18 16:26:44');
INSERT INTO t_function_param (FID, F_FUNCID, FPARAMTYPE, FPARAMORDER, FCREATER, FCREATE_DATE, FMODIFIER, FMODIFY_DATE) VALUES ('226705357865545730', '1', 'java.lang.String', 2, '1', '2018-7-18 16:26:44', '1', '2018-7-18 16:26:44');
INSERT INTO t_function_param (FID, F_FUNCID, FPARAMTYPE, FPARAMORDER, FCREATER, FCREATE_DATE, FMODIFIER, FMODIFY_DATE) VALUES ('226705357865545732', '2', 'java.lang.String', 1, '1', '2018-7-18 16:38:45', '1', '2018-7-18 16:38:45');
INSERT INTO t_function_param (FID, F_FUNCID, FPARAMTYPE, FPARAMORDER, FCREATER, FCREATE_DATE, FMODIFIER, FMODIFY_DATE) VALUES ('226705357865545733', '2', 'java.lang.String', 2, '1', '2018-7-18 16:38:45', '1', '2018-7-18 16:38:45');
INSERT INTO t_function_param (FID, F_FUNCID, FPARAMTYPE, FPARAMORDER, FCREATER, FCREATE_DATE, FMODIFIER, FMODIFY_DATE) VALUES ('226705357865545734', '2', 'java.lang.String', 3, '1', '2018-7-18 16:38:45', '1', '2018-7-18 16:38:45');
INSERT INTO t_function_param (FID, F_FUNCID, FPARAMTYPE, FPARAMORDER, FCREATER, FCREATE_DATE, FMODIFIER, FMODIFY_DATE) VALUES ('226705357865545736', '3', 'java.lang.String', 1, '1', '2018-7-18 16:46:26', '1', '2018-7-18 16:46:26');
INSERT INTO t_function_param (FID, F_FUNCID, FPARAMTYPE, FPARAMORDER, FCREATER, FCREATE_DATE, FMODIFIER, FMODIFY_DATE) VALUES ('226705357865545737', '3', 'java.lang.String', 2, '1', '2018-7-18 16:46:26', '1', '2018-7-18 16:46:26');
INSERT INTO t_function_param (FID, F_FUNCID, FPARAMTYPE, FPARAMORDER, FCREATER, FCREATE_DATE, FMODIFIER, FMODIFY_DATE) VALUES ('226705357865545738', '3', 'java.lang.String', 3, '1', '2018-7-18 16:46:26', '1', '2018-7-18 16:46:26');
INSERT INTO t_function_param (FID, F_FUNCID, FPARAMTYPE, FPARAMORDER, FCREATER, FCREATE_DATE, FMODIFIER, FMODIFY_DATE) VALUES ('226705357865545740', '4', 'java.lang.String', 1, '1', '2018-7-18 16:51:44', '1', '2018-7-18 16:51:44');
INSERT INTO t_function_param (FID, F_FUNCID, FPARAMTYPE, FPARAMORDER, FCREATER, FCREATE_DATE, FMODIFIER, FMODIFY_DATE) VALUES ('226705357865545741', '4', 'java.lang.String', 2, '1', '2018-7-18 16:51:44', '1', '2018-7-18 16:51:44');
INSERT INTO t_function_param (FID, F_FUNCID, FPARAMTYPE, FPARAMORDER, FCREATER, FCREATE_DATE, FMODIFIER, FMODIFY_DATE) VALUES ('226705357865545742', '5', 'java.lang.String', 1, '1', '2018-7-18 17:04:14', '1', '2018-7-18 17:04:14');
INSERT INTO t_function_param (FID, F_FUNCID, FPARAMTYPE, FPARAMORDER, FCREATER, FCREATE_DATE, FMODIFIER, FMODIFY_DATE) VALUES ('226705357865545743', '5', 'java.util.List', 2, '1', '2018-7-18 17:04:14', '1', '2018-7-18 17:04:14');
INSERT INTO t_function_param (FID, F_FUNCID, FPARAMTYPE, FPARAMORDER, FCREATER, FCREATE_DATE, FMODIFIER, FMODIFY_DATE) VALUES ('226710213208633344', '6', 'java.lang.String', 1, '1', '2018-7-19 14:25:26', '1', '2018-7-19 14:25:26');
INSERT INTO t_function_param (FID, F_FUNCID, FPARAMTYPE, FPARAMORDER, FCREATER, FCREATE_DATE, FMODIFIER, FMODIFY_DATE) VALUES ('226713037585838080', '7', 'java.lang.String', 1, '1', '2018-7-19 14:36:40', '1', '2018-7-19 14:36:40');
INSERT INTO t_function_param (FID, F_FUNCID, FPARAMTYPE, FPARAMORDER, FCREATER, FCREATE_DATE, FMODIFIER, FMODIFY_DATE) VALUES ('235811428391514112', '9', 'java.lang.String', 1, '1', '2018-8-13 17:09:49', '1', '2018-8-13 17:09:53');
INSERT INTO t_function_param (FID, F_FUNCID, FPARAMTYPE, FPARAMORDER, FCREATER, FCREATE_DATE, FMODIFIER, FMODIFY_DATE) VALUES ('239781118621454336', '10', 'java.lang.String', 1, '1', '2018-8-24 16:04:33', '1', '2018-8-24 16:04:33');
INSERT INTO t_function_param (FID, F_FUNCID, FPARAMTYPE, FPARAMORDER, FCREATER, FCREATE_DATE, FMODIFIER, FMODIFY_DATE) VALUES ('239783410770841600', '11', 'java.lang.String', 1, '1', '2018-8-24 16:13:40', '1', '2018-8-24 16:13:40');
INSERT INTO t_function_param (FID, F_FUNCID, FPARAMTYPE, FPARAMORDER, FCREATER, FCREATE_DATE, FMODIFIER, FMODIFY_DATE) VALUES ('239783410796007424', '11', 'java.lang.String', 2, '1', '2018-8-24 16:13:40', '1', '2018-8-24 16:13:40');


INSERT INTO t_function_param_limit (FID, FFUNCPARAMID, FPARAMVALUE, FVALUEDESC) VALUES ('240837428276301824', '239781118621454336', 'ty001', '身份证');
INSERT INTO t_function_param_limit (FID, FFUNCPARAMID, FPARAMVALUE, FVALUEDESC) VALUES ('240837428276301825', '239781118621454336', 'ty002', '人脸');
INSERT INTO t_function_param_limit (FID, FFUNCPARAMID, FPARAMVALUE, FVALUEDESC) VALUES ('240837428276301826', '239781118621454336', 'ty003', '手机号');
INSERT INTO t_function_param_limit (FID, FFUNCPARAMID, FPARAMVALUE, FVALUEDESC) VALUES ('240837428276301827', '239781118621454336', 'ty004', '国际通信识别码');
INSERT INTO t_function_param_limit (FID, FFUNCPARAMID, FPARAMVALUE, FVALUEDESC) VALUES ('240837428276301828', '239781118621454336', 'ty005', '手机设备码');
INSERT INTO t_function_param_limit (FID, FFUNCPARAMID, FPARAMVALUE, FVALUEDESC) VALUES ('240837428276301829', '239781118621454336', 'ty006', '手机网卡');
INSERT INTO t_function_param_limit (FID, FFUNCPARAMID, FPARAMVALUE, FVALUEDESC) VALUES ('240837428276301830', '239781118621454336', 'ty007', '路由器MAC');
INSERT INTO t_function_param_limit (FID, FFUNCPARAMID, FPARAMVALUE, FVALUEDESC) VALUES ('240837428276301831', '239781118621454336', 'ty008', '车牌号');
INSERT INTO t_function_param_limit (FID, FFUNCPARAMID, FPARAMVALUE, FVALUEDESC) VALUES ('240837428276301832', '239781118621454336', 'ty009', '微信ID');
INSERT INTO t_function_param_limit (FID, FFUNCPARAMID, FPARAMVALUE, FVALUEDESC) VALUES ('240837428276301833', '239781118621454336', 'ty010', 'QQ号码');
INSERT INTO t_function_param_limit (FID, FFUNCPARAMID, FPARAMVALUE, FVALUEDESC) VALUES ('240837428276301834', '239781118621454336', 'ty011', '新浪微博ID');
INSERT INTO t_function_param_limit (FID, FFUNCPARAMID, FPARAMVALUE, FVALUEDESC) VALUES ('240837428276301835', '239781118621454336', 'ty012', '邮件账号');
INSERT INTO t_function_param_limit (FID, FFUNCPARAMID, FPARAMVALUE, FVALUEDESC) VALUES ('240837428276301836', '239781118621454336', 'ty013', '陌陌帐号');